date,wm_yr_wk,weekday,wday,month,year,d,event_name_1,event_type_1,event_name_2,event_type_2,snap_CA,snap_TX,w
1/29/11,11101,Saturday,1,1,2011,d_1,,,,,0,0,0
1/30/11,11101,Sunday,2,1,2011,d_2,,,,,0,0,0
1/31/11,11101,Monday,3,1,2011,d_3,,,,,0,0,0
2/1/11,11101,Tuesday,4,2,2011,d_4,,,,,1,1,0
2/2/11,11101,Wednesday,5,2,2011,d_5,,,,,1,0,1
2/3/11,11101,Thursday,6,2,2011,d_6,,,,,1,1,1
2/4/11,11101,Friday,7,2,2011,d_7,,,,,1,0,0
2/5/11,11102,Saturday,1,2,2011,d_8,,,,,1,1,1
2/6/11,11102,Sunday,2,2,2011,d_9,SuperBowl,Sporting,,,1,1,1
2/7/11,11102,Monday,3,2,2011,d_10,,,,,1,1,0
2/8/11,11102,Tuesday,4,2,2011,d_11,,,,,1,0,1
2/9/11,11102,Wednesday,5,2,2011,d_12,,,,,1,1,1
2/10/11,11102,Thursday,6,2,2011,d_13,,,,,1,0,0
2/11/11,11102,Friday,7,2,2011,d_14,,,,,0,1,1
2/12/11,11103,Saturday,1,2,2011,d_15,,,,,0,1,1
2/13/11,11103,Sunday,2,2,2011,d_16,,,,,0,1,0
2/14/11,11103,Monday,3,2,2011,d_17,ValentinesDay,Cultural,,,0,0,1
2/15/11,11103,Tuesday,4,2,2011,d_18,,,,,0,1,1
2/16/11,11103,Wednesday,5,2,2011,d_19,,,,,0,0,0
2/17/11,11103,Thursday,6,2,2011,d_20,,,,,0,0,0
2/18/11,11103,Friday,7,2,2011,d_21,,,,,0,0,0
2/19/11,11104,Saturday,1,2,2011,d_22,,,,,0,0,0
2/20/11,11104,Sunday,2,2,2011,d_23,,,,,0,0,0
2/21/11,11104,Monday,3,2,2011,d_24,PresidentsDay,National,,,0,0,0
2/22/11,11104,Tuesday,4,2,2011,d_25,,,,,0,0,0
2/23/11,11104,Wednesday,5,2,2011,d_26,,,,,0,0,0
2/24/11,11104,Thursday,6,2,2011,d_27,,,,,0,0,0
2/25/11,11104,Friday,7,2,2011,d_28,,,,,0,0,0
2/26/11,11105,Saturday,1,2,2011,d_29,,,,,0,0,0
2/27/11,11105,Sunday,2,2,2011,d_30,,,,,0,0,0
2/28/11,11105,Monday,3,2,2011,d_31,,,,,0,0,0
3/1/11,11105,Tuesday,4,3,2011,d_32,,,,,1,1,0
3/2/11,11105,Wednesday,5,3,2011,d_33,,,,,1,0,1
3/3/11,11105,Thursday,6,3,2011,d_34,,,,,1,1,1
3/4/11,11105,Friday,7,3,2011,d_35,,,,,1,0,0
3/5/11,11106,Saturday,1,3,2011,d_36,,,,,1,1,1
3/6/11,11106,Sunday,2,3,2011,d_37,,,,,1,1,1
3/7/11,11106,Monday,3,3,2011,d_38,,,,,1,1,0
3/8/11,11106,Tuesday,4,3,2011,d_39,,,,,1,0,1
3/9/11,11106,Wednesday,5,3,2011,d_40,LentStart,Religious,,,1,1,1
3/10/11,11106,Thursday,6,3,2011,d_41,,,,,1,0,0
3/11/11,11106,Friday,7,3,2011,d_42,,,,,0,1,1
3/12/11,11107,Saturday,1,3,2011,d_43,,,,,0,1,1
3/13/11,11107,Sunday,2,3,2011,d_44,,,,,0,1,0
3/14/11,11107,Monday,3,3,2011,d_45,,,,,0,0,1
3/15/11,11107,Tuesday,4,3,2011,d_46,,,,,0,1,1
3/16/11,11107,Wednesday,5,3,2011,d_47,LentWeek2,Religious,,,0,0,0
3/17/11,11107,Thursday,6,3,2011,d_48,StPatricksDay,Cultural,,,0,0,0
3/18/11,11107,Friday,7,3,2011,d_49,,,,,0,0,0
3/19/11,11108,Saturday,1,3,2011,d_50,,,,,0,0,0
3/20/11,11108,Sunday,2,3,2011,d_51,Purim End,Religious,,,0,0,0
3/21/11,11108,Monday,3,3,2011,d_52,,,,,0,0,0
3/22/11,11108,Tuesday,4,3,2011,d_53,,,,,0,0,0
3/23/11,11108,Wednesday,5,3,2011,d_54,,,,,0,0,0
3/24/11,11108,Thursday,6,3,2011,d_55,,,,,0,0,0
3/25/11,11108,Friday,7,3,2011,d_56,,,,,0,0,0
3/26/11,11109,Saturday,1,3,2011,d_57,,,,,0,0,0
3/27/11,11109,Sunday,2,3,2011,d_58,,,,,0,0,0
3/28/11,11109,Monday,3,3,2011,d_59,,,,,0,0,0
3/29/11,11109,Tuesday,4,3,2011,d_60,,,,,0,0,0
3/30/11,11109,Wednesday,5,3,2011,d_61,,,,,0,0,0
3/31/11,11109,Thursday,6,3,2011,d_62,,,,,0,0,0
4/1/11,11109,Friday,7,4,2011,d_63,,,,,1,1,0
4/2/11,11110,Saturday,1,4,2011,d_64,,,,,1,0,1
4/3/11,11110,Sunday,2,4,2011,d_65,,,,,1,1,1
4/4/11,11110,Monday,3,4,2011,d_66,,,,,1,0,0
4/5/11,11110,Tuesday,4,4,2011,d_67,,,,,1,1,1
4/6/11,11110,Wednesday,5,4,2011,d_68,,,,,1,1,1
4/7/11,11110,Thursday,6,4,2011,d_69,,,,,1,1,0
4/8/11,11110,Friday,7,4,2011,d_70,,,,,1,0,1
4/9/11,11111,Saturday,1,4,2011,d_71,,,,,1,1,1
4/10/11,11111,Sunday,2,4,2011,d_72,,,,,1,0,0
4/11/11,11111,Monday,3,4,2011,d_73,,,,,0,1,1
4/12/11,11111,Tuesday,4,4,2011,d_74,,,,,0,1,1
4/13/11,11111,Wednesday,5,4,2011,d_75,,,,,0,1,0
4/14/11,11111,Thursday,6,4,2011,d_76,,,,,0,0,1
4/15/11,11111,Friday,7,4,2011,d_77,,,,,0,1,1
4/16/11,11112,Saturday,1,4,2011,d_78,,,,,0,0,0
4/17/11,11112,Sunday,2,4,2011,d_79,,,,,0,0,0
4/18/11,11112,Monday,3,4,2011,d_80,,,,,0,0,0
4/19/11,11112,Tuesday,4,4,2011,d_81,,,,,0,0,0
4/20/11,11112,Wednesday,5,4,2011,d_82,,,,,0,0,0
4/21/11,11112,Thursday,6,4,2011,d_83,,,,,0,0,0
4/22/11,11112,Friday,7,4,2011,d_84,,,,,0,0,0
4/23/11,11113,Saturday,1,4,2011,d_85,,,,,0,0,0
4/24/11,11113,Sunday,2,4,2011,d_86,OrthodoxEaster,Religious,Easter,Cultural,0,0,0
4/25/11,11113,Monday,3,4,2011,d_87,,,,,0,0,0
4/26/11,11113,Tuesday,4,4,2011,d_88,Pesach End,Religious,,,0,0,0
4/27/11,11113,Wednesday,5,4,2011,d_89,,,,,0,0,0
4/28/11,11113,Thursday,6,4,2011,d_90,,,,,0,0,0
4/29/11,11113,Friday,7,4,2011,d_91,,,,,0,0,0
4/30/11,11114,Saturday,1,4,2011,d_92,,,,,0,0,0
5/1/11,11114,Sunday,2,5,2011,d_93,,,,,1,1,0
5/2/11,11114,Monday,3,5,2011,d_94,,,,,1,0,1
5/3/11,11114,Tuesday,4,5,2011,d_95,,,,,1,1,1
5/4/11,11114,Wednesday,5,5,2011,d_96,,,,,1,0,0
5/5/11,11114,Thursday,6,5,2011,d_97,Cinco De Mayo,Cultural,,,1,1,1
5/6/11,11114,Friday,7,5,2011,d_98,,,,,1,1,1
5/7/11,11115,Saturday,1,5,2011,d_99,,,,,1,1,0
5/8/11,11115,Sunday,2,5,2011,d_100,Mother's day,Cultural,,,1,0,1
5/9/11,11115,Monday,3,5,2011,d_101,,,,,1,1,1
5/10/11,11115,Tuesday,4,5,2011,d_102,,,,,1,0,0
5/11/11,11115,Wednesday,5,5,2011,d_103,,,,,0,1,1
5/12/11,11115,Thursday,6,5,2011,d_104,,,,,0,1,1
5/13/11,11115,Friday,7,5,2011,d_105,,,,,0,1,0
5/14/11,11116,Saturday,1,5,2011,d_106,,,,,0,0,1
5/15/11,11116,Sunday,2,5,2011,d_107,,,,,0,1,1
5/16/11,11116,Monday,3,5,2011,d_108,,,,,0,0,0
5/17/11,11116,Tuesday,4,5,2011,d_109,,,,,0,0,0
5/18/11,11116,Wednesday,5,5,2011,d_110,,,,,0,0,0
5/19/11,11116,Thursday,6,5,2011,d_111,,,,,0,0,0
5/20/11,11116,Friday,7,5,2011,d_112,,,,,0,0,0
5/21/11,11117,Saturday,1,5,2011,d_113,,,,,0,0,0
5/22/11,11117,Sunday,2,5,2011,d_114,,,,,0,0,0
5/23/11,11117,Monday,3,5,2011,d_115,,,,,0,0,0
5/24/11,11117,Tuesday,4,5,2011,d_116,,,,,0,0,0
5/25/11,11117,Wednesday,5,5,2011,d_117,,,,,0,0,0
5/26/11,11117,Thursday,6,5,2011,d_118,,,,,0,0,0
5/27/11,11117,Friday,7,5,2011,d_119,,,,,0,0,0
5/28/11,11118,Saturday,1,5,2011,d_120,,,,,0,0,0
5/29/11,11118,Sunday,2,5,2011,d_121,,,,,0,0,0
5/30/11,11118,Monday,3,5,2011,d_122,MemorialDay,National,,,0,0,0
5/31/11,11118,Tuesday,4,5,2011,d_123,NBAFinalsStart,Sporting,,,0,0,0
6/1/11,11118,Wednesday,5,6,2011,d_124,,,,,1,1,0
6/2/11,11118,Thursday,6,6,2011,d_125,,,,,1,0,1
6/3/11,11118,Friday,7,6,2011,d_126,,,,,1,1,1
6/4/11,11119,Saturday,1,6,2011,d_127,,,,,1,0,0
6/5/11,11119,Sunday,2,6,2011,d_128,,,,,1,1,1
6/6/11,11119,Monday,3,6,2011,d_129,,,,,1,1,1
6/7/11,11119,Tuesday,4,6,2011,d_130,,,,,1,1,0
6/8/11,11119,Wednesday,5,6,2011,d_131,,,,,1,0,1
6/9/11,11119,Thursday,6,6,2011,d_132,,,,,1,1,1
6/10/11,11119,Friday,7,6,2011,d_133,,,,,1,0,0
6/11/11,11120,Saturday,1,6,2011,d_134,,,,,0,1,1
6/12/11,11120,Sunday,2,6,2011,d_135,NBAFinalsEnd,Sporting,,,0,1,1
6/13/11,11120,Monday,3,6,2011,d_136,,,,,0,1,0
6/14/11,11120,Tuesday,4,6,2011,d_137,,,,,0,0,1
6/15/11,11120,Wednesday,5,6,2011,d_138,,,,,0,1,1
6/16/11,11120,Thursday,6,6,2011,d_139,,,,,0,0,0
6/17/11,11120,Friday,7,6,2011,d_140,,,,,0,0,0
6/18/11,11121,Saturday,1,6,2011,d_141,,,,,0,0,0
6/19/11,11121,Sunday,2,6,2011,d_142,Father's day,Cultural,,,0,0,0
6/20/11,11121,Monday,3,6,2011,d_143,,,,,0,0,0
6/21/11,11121,Tuesday,4,6,2011,d_144,,,,,0,0,0
6/22/11,11121,Wednesday,5,6,2011,d_145,,,,,0,0,0
6/23/11,11121,Thursday,6,6,2011,d_146,,,,,0,0,0
6/24/11,11121,Friday,7,6,2011,d_147,,,,,0,0,0
6/25/11,11122,Saturday,1,6,2011,d_148,,,,,0,0,0
6/26/11,11122,Sunday,2,6,2011,d_149,,,,,0,0,0
6/27/11,11122,Monday,3,6,2011,d_150,,,,,0,0,0
6/28/11,11122,Tuesday,4,6,2011,d_151,,,,,0,0,0
6/29/11,11122,Wednesday,5,6,2011,d_152,,,,,0,0,0
6/30/11,11122,Thursday,6,6,2011,d_153,,,,,0,0,0
7/1/11,11122,Friday,7,7,2011,d_154,,,,,1,1,0
7/2/11,11123,Saturday,1,7,2011,d_155,,,,,1,0,1
7/3/11,11123,Sunday,2,7,2011,d_156,,,,,1,1,1
7/4/11,11123,Monday,3,7,2011,d_157,IndependenceDay,National,,,1,0,0
7/5/11,11123,Tuesday,4,7,2011,d_158,,,,,1,1,1
7/6/11,11123,Wednesday,5,7,2011,d_159,,,,,1,1,1
7/7/11,11123,Thursday,6,7,2011,d_160,,,,,1,1,0
7/8/11,11123,Friday,7,7,2011,d_161,,,,,1,0,1
7/9/11,11124,Saturday,1,7,2011,d_162,,,,,1,1,1
7/10/11,11124,Sunday,2,7,2011,d_163,,,,,1,0,0
7/11/11,11124,Monday,3,7,2011,d_164,,,,,0,1,1
7/12/11,11124,Tuesday,4,7,2011,d_165,,,,,0,1,1
7/13/11,11124,Wednesday,5,7,2011,d_166,,,,,0,1,0
7/14/11,11124,Thursday,6,7,2011,d_167,,,,,0,0,1
7/15/11,11124,Friday,7,7,2011,d_168,,,,,0,1,1
7/16/11,11125,Saturday,1,7,2011,d_169,,,,,0,0,0
7/17/11,11125,Sunday,2,7,2011,d_170,,,,,0,0,0
7/18/11,11125,Monday,3,7,2011,d_171,,,,,0,0,0
7/19/11,11125,Tuesday,4,7,2011,d_172,,,,,0,0,0
7/20/11,11125,Wednesday,5,7,2011,d_173,,,,,0,0,0
7/21/11,11125,Thursday,6,7,2011,d_174,,,,,0,0,0
7/22/11,11125,Friday,7,7,2011,d_175,,,,,0,0,0
7/23/11,11126,Saturday,1,7,2011,d_176,,,,,0,0,0
7/24/11,11126,Sunday,2,7,2011,d_177,,,,,0,0,0
7/25/11,11126,Monday,3,7,2011,d_178,,,,,0,0,0
7/26/11,11126,Tuesday,4,7,2011,d_179,,,,,0,0,0
7/27/11,11126,Wednesday,5,7,2011,d_180,,,,,0,0,0
7/28/11,11126,Thursday,6,7,2011,d_181,,,,,0,0,0
7/29/11,11126,Friday,7,7,2011,d_182,,,,,0,0,0
7/30/11,11127,Saturday,1,7,2011,d_183,,,,,0,0,0
7/31/11,11127,Sunday,2,7,2011,d_184,,,,,0,0,0
8/1/11,11127,Monday,3,8,2011,d_185,Ramadan starts,Religious,,,1,1,0
8/2/11,11127,Tuesday,4,8,2011,d_186,,,,,1,0,1
8/3/11,11127,Wednesday,5,8,2011,d_187,,,,,1,1,1
8/4/11,11127,Thursday,6,8,2011,d_188,,,,,1,0,0
8/5/11,11127,Friday,7,8,2011,d_189,,,,,1,1,1
8/6/11,11128,Saturday,1,8,2011,d_190,,,,,1,1,1
8/7/11,11128,Sunday,2,8,2011,d_191,,,,,1,1,0
8/8/11,11128,Monday,3,8,2011,d_192,,,,,1,0,1
8/9/11,11128,Tuesday,4,8,2011,d_193,,,,,1,1,1
8/10/11,11128,Wednesday,5,8,2011,d_194,,,,,1,0,0
8/11/11,11128,Thursday,6,8,2011,d_195,,,,,0,1,1
8/12/11,11128,Friday,7,8,2011,d_196,,,,,0,1,1
8/13/11,11129,Saturday,1,8,2011,d_197,,,,,0,1,0
8/14/11,11129,Sunday,2,8,2011,d_198,,,,,0,0,1
8/15/11,11129,Monday,3,8,2011,d_199,,,,,0,1,1
8/16/11,11129,Tuesday,4,8,2011,d_200,,,,,0,0,0
8/17/11,11129,Wednesday,5,8,2011,d_201,,,,,0,0,0
8/18/11,11129,Thursday,6,8,2011,d_202,,,,,0,0,0
8/19/11,11129,Friday,7,8,2011,d_203,,,,,0,0,0
8/20/11,11130,Saturday,1,8,2011,d_204,,,,,0,0,0
8/21/11,11130,Sunday,2,8,2011,d_205,,,,,0,0,0
8/22/11,11130,Monday,3,8,2011,d_206,,,,,0,0,0
8/23/11,11130,Tuesday,4,8,2011,d_207,,,,,0,0,0
8/24/11,11130,Wednesday,5,8,2011,d_208,,,,,0,0,0
8/25/11,11130,Thursday,6,8,2011,d_209,,,,,0,0,0
8/26/11,11130,Friday,7,8,2011,d_210,,,,,0,0,0
8/27/11,11131,Saturday,1,8,2011,d_211,,,,,0,0,0
8/28/11,11131,Sunday,2,8,2011,d_212,,,,,0,0,0
8/29/11,11131,Monday,3,8,2011,d_213,,,,,0,0,0
8/30/11,11131,Tuesday,4,8,2011,d_214,,,,,0,0,0
8/31/11,11131,Wednesday,5,8,2011,d_215,Eid al-Fitr,Religious,,,0,0,0
9/1/11,11131,Thursday,6,9,2011,d_216,,,,,1,1,0
9/2/11,11131,Friday,7,9,2011,d_217,,,,,1,0,1
9/3/11,11132,Saturday,1,9,2011,d_218,,,,,1,1,1
9/4/11,11132,Sunday,2,9,2011,d_219,,,,,1,0,0
9/5/11,11132,Monday,3,9,2011,d_220,LaborDay,National,,,1,1,1
9/6/11,11132,Tuesday,4,9,2011,d_221,,,,,1,1,1
9/7/11,11132,Wednesday,5,9,2011,d_222,,,,,1,1,0
9/8/11,11132,Thursday,6,9,2011,d_223,,,,,1,0,1
9/9/11,11132,Friday,7,9,2011,d_224,,,,,1,1,1
9/10/11,11133,Saturday,1,9,2011,d_225,,,,,1,0,0
9/11/11,11133,Sunday,2,9,2011,d_226,,,,,0,1,1
9/12/11,11133,Monday,3,9,2011,d_227,,,,,0,1,1
9/13/11,11133,Tuesday,4,9,2011,d_228,,,,,0,1,0
9/14/11,11133,Wednesday,5,9,2011,d_229,,,,,0,0,1
9/15/11,11133,Thursday,6,9,2011,d_230,,,,,0,1,1
9/16/11,11133,Friday,7,9,2011,d_231,,,,,0,0,0
9/17/11,11134,Saturday,1,9,2011,d_232,,,,,0,0,0
9/18/11,11134,Sunday,2,9,2011,d_233,,,,,0,0,0
9/19/11,11134,Monday,3,9,2011,d_234,,,,,0,0,0
9/20/11,11134,Tuesday,4,9,2011,d_235,,,,,0,0,0
9/21/11,11134,Wednesday,5,9,2011,d_236,,,,,0,0,0
9/22/11,11134,Thursday,6,9,2011,d_237,,,,,0,0,0
9/23/11,11134,Friday,7,9,2011,d_238,,,,,0,0,0
9/24/11,11135,Saturday,1,9,2011,d_239,,,,,0,0,0
9/25/11,11135,Sunday,2,9,2011,d_240,,,,,0,0,0
9/26/11,11135,Monday,3,9,2011,d_241,,,,,0,0,0
9/27/11,11135,Tuesday,4,9,2011,d_242,,,,,0,0,0
9/28/11,11135,Wednesday,5,9,2011,d_243,,,,,0,0,0
9/29/11,11135,Thursday,6,9,2011,d_244,,,,,0,0,0
9/30/11,11135,Friday,7,9,2011,d_245,,,,,0,0,0
10/1/11,11136,Saturday,1,10,2011,d_246,,,,,1,1,0
10/2/11,11136,Sunday,2,10,2011,d_247,,,,,1,0,1
10/3/11,11136,Monday,3,10,2011,d_248,,,,,1,1,1
10/4/11,11136,Tuesday,4,10,2011,d_249,,,,,1,0,0
10/5/11,11136,Wednesday,5,10,2011,d_250,,,,,1,1,1
10/6/11,11136,Thursday,6,10,2011,d_251,,,,,1,1,1
10/7/11,11136,Friday,7,10,2011,d_252,,,,,1,1,0
10/8/11,11137,Saturday,1,10,2011,d_253,,,,,1,0,1
10/9/11,11137,Sunday,2,10,2011,d_254,,,,,1,1,1
10/10/11,11137,Monday,3,10,2011,d_255,ColumbusDay,National,,,1,0,0
10/11/11,11137,Tuesday,4,10,2011,d_256,,,,,0,1,1
10/12/11,11137,Wednesday,5,10,2011,d_257,,,,,0,1,1
10/13/11,11137,Thursday,6,10,2011,d_258,,,,,0,1,0
10/14/11,11137,Friday,7,10,2011,d_259,,,,,0,0,1
10/15/11,11138,Saturday,1,10,2011,d_260,,,,,0,1,1
10/16/11,11138,Sunday,2,10,2011,d_261,,,,,0,0,0
10/17/11,11138,Monday,3,10,2011,d_262,,,,,0,0,0
10/18/11,11138,Tuesday,4,10,2011,d_263,,,,,0,0,0
10/19/11,11138,Wednesday,5,10,2011,d_264,,,,,0,0,0
10/20/11,11138,Thursday,6,10,2011,d_265,,,,,0,0,0
10/21/11,11138,Friday,7,10,2011,d_266,,,,,0,0,0
10/22/11,11139,Saturday,1,10,2011,d_267,,,,,0,0,0
10/23/11,11139,Sunday,2,10,2011,d_268,,,,,0,0,0
10/24/11,11139,Monday,3,10,2011,d_269,,,,,0,0,0
10/25/11,11139,Tuesday,4,10,2011,d_270,,,,,0,0,0
10/26/11,11139,Wednesday,5,10,2011,d_271,,,,,0,0,0
10/27/11,11139,Thursday,6,10,2011,d_272,,,,,0,0,0
10/28/11,11139,Friday,7,10,2011,d_273,,,,,0,0,0
10/29/11,11140,Saturday,1,10,2011,d_274,,,,,0,0,0
10/30/11,11140,Sunday,2,10,2011,d_275,,,,,0,0,0
10/31/11,11140,Monday,3,10,2011,d_276,Halloween,Cultural,,,0,0,0
11/1/11,11140,Tuesday,4,11,2011,d_277,,,,,1,1,0
11/2/11,11140,Wednesday,5,11,2011,d_278,,,,,1,0,1
11/3/11,11140,Thursday,6,11,2011,d_279,,,,,1,1,1
11/4/11,11140,Friday,7,11,2011,d_280,,,,,1,0,0
11/5/11,11141,Saturday,1,11,2011,d_281,,,,,1,1,1
11/6/11,11141,Sunday,2,11,2011,d_282,,,,,1,1,1
11/7/11,11141,Monday,3,11,2011,d_283,EidAlAdha,Religious,,,1,1,0
11/8/11,11141,Tuesday,4,11,2011,d_284,,,,,1,0,1
11/9/11,11141,Wednesday,5,11,2011,d_285,,,,,1,1,1
11/10/11,11141,Thursday,6,11,2011,d_286,,,,,1,0,0
11/11/11,11141,Friday,7,11,2011,d_287,VeteransDay,National,,,0,1,1
11/12/11,11142,Saturday,1,11,2011,d_288,,,,,0,1,1
11/13/11,11142,Sunday,2,11,2011,d_289,,,,,0,1,0
11/14/11,11142,Monday,3,11,2011,d_290,,,,,0,0,1
11/15/11,11142,Tuesday,4,11,2011,d_291,,,,,0,1,1
11/16/11,11142,Wednesday,5,11,2011,d_292,,,,,0,0,0
11/17/11,11142,Thursday,6,11,2011,d_293,,,,,0,0,0
11/18/11,11142,Friday,7,11,2011,d_294,,,,,0,0,0
11/19/11,11143,Saturday,1,11,2011,d_295,,,,,0,0,0
11/20/11,11143,Sunday,2,11,2011,d_296,,,,,0,0,0
11/21/11,11143,Monday,3,11,2011,d_297,,,,,0,0,0
11/22/11,11143,Tuesday,4,11,2011,d_298,,,,,0,0,0
11/23/11,11143,Wednesday,5,11,2011,d_299,,,,,0,0,0
11/24/11,11143,Thursday,6,11,2011,d_300,Thanksgiving,National,,,0,0,0
11/25/11,11143,Friday,7,11,2011,d_301,,,,,0,0,0
11/26/11,11144,Saturday,1,11,2011,d_302,,,,,0,0,0
11/27/11,11144,Sunday,2,11,2011,d_303,,,,,0,0,0
11/28/11,11144,Monday,3,11,2011,d_304,,,,,0,0,0
11/29/11,11144,Tuesday,4,11,2011,d_305,,,,,0,0,0
11/30/11,11144,Wednesday,5,11,2011,d_306,,,,,0,0,0
12/1/11,11144,Thursday,6,12,2011,d_307,,,,,1,1,0
12/2/11,11144,Friday,7,12,2011,d_308,,,,,1,0,1
12/3/11,11145,Saturday,1,12,2011,d_309,,,,,1,1,1
12/4/11,11145,Sunday,2,12,2011,d_310,,,,,1,0,0
12/5/11,11145,Monday,3,12,2011,d_311,,,,,1,1,1
12/6/11,11145,Tuesday,4,12,2011,d_312,,,,,1,1,1
12/7/11,11145,Wednesday,5,12,2011,d_313,,,,,1,1,0
12/8/11,11145,Thursday,6,12,2011,d_314,,,,,1,0,1
12/9/11,11145,Friday,7,12,2011,d_315,,,,,1,1,1
12/10/11,11146,Saturday,1,12,2011,d_316,,,,,1,0,0
12/11/11,11146,Sunday,2,12,2011,d_317,,,,,0,1,1
12/12/11,11146,Monday,3,12,2011,d_318,,,,,0,1,1
12/13/11,11146,Tuesday,4,12,2011,d_319,,,,,0,1,0
12/14/11,11146,Wednesday,5,12,2011,d_320,,,,,0,0,1
12/15/11,11146,Thursday,6,12,2011,d_321,,,,,0,1,1
12/16/11,11146,Friday,7,12,2011,d_322,,,,,0,0,0
12/17/11,11147,Saturday,1,12,2011,d_323,,,,,0,0,0
12/18/11,11147,Sunday,2,12,2011,d_324,,,,,0,0,0
12/19/11,11147,Monday,3,12,2011,d_325,,,,,0,0,0
12/20/11,11147,Tuesday,4,12,2011,d_326,,,,,0,0,0
12/21/11,11147,Wednesday,5,12,2011,d_327,,,,,0,0,0
12/22/11,11147,Thursday,6,12,2011,d_328,,,,,0,0,0
12/23/11,11147,Friday,7,12,2011,d_329,,,,,0,0,0
12/24/11,11148,Saturday,1,12,2011,d_330,,,,,0,0,0
12/25/11,11148,Sunday,2,12,2011,d_331,Christmas,National,,,0,0,0
12/26/11,11148,Monday,3,12,2011,d_332,,,,,0,0,0
12/27/11,11148,Tuesday,4,12,2011,d_333,,,,,0,0,0
12/28/11,11148,Wednesday,5,12,2011,d_334,Chanukah End,Religious,,,0,0,0
12/29/11,11148,Thursday,6,12,2011,d_335,,,,,0,0,0
12/30/11,11148,Friday,7,12,2011,d_336,,,,,0,0,0
12/31/11,11149,Saturday,1,12,2011,d_337,,,,,0,0,0
1/1/12,11149,Sunday,2,1,2012,d_338,NewYear,National,,,1,1,0
1/2/12,11149,Monday,3,1,2012,d_339,,,,,1,0,1
1/3/12,11149,Tuesday,4,1,2012,d_340,,,,,1,1,1
1/4/12,11149,Wednesday,5,1,2012,d_341,,,,,1,0,0
1/5/12,11149,Thursday,6,1,2012,d_342,,,,,1,1,1
1/6/12,11149,Friday,7,1,2012,d_343,,,,,1,1,1
1/7/12,11150,Saturday,1,1,2012,d_344,OrthodoxChristmas,Religious,,,1,1,0
1/8/12,11150,Sunday,2,1,2012,d_345,,,,,1,0,1
1/9/12,11150,Monday,3,1,2012,d_346,,,,,1,1,1
1/10/12,11150,Tuesday,4,1,2012,d_347,,,,,1,0,0
1/11/12,11150,Wednesday,5,1,2012,d_348,,,,,0,1,1
1/12/12,11150,Thursday,6,1,2012,d_349,,,,,0,1,1
1/13/12,11150,Friday,7,1,2012,d_350,,,,,0,1,0
1/14/12,11151,Saturday,1,1,2012,d_351,,,,,0,0,1
1/15/12,11151,Sunday,2,1,2012,d_352,,,,,0,1,1
1/16/12,11151,Monday,3,1,2012,d_353,MartinLutherKingDay,National,,,0,0,0
1/17/12,11151,Tuesday,4,1,2012,d_354,,,,,0,0,0
1/18/12,11151,Wednesday,5,1,2012,d_355,,,,,0,0,0
1/19/12,11151,Thursday,6,1,2012,d_356,,,,,0,0,0
1/20/12,11151,Friday,7,1,2012,d_357,,,,,0,0,0
1/21/12,11152,Saturday,1,1,2012,d_358,,,,,0,0,0
1/22/12,11152,Sunday,2,1,2012,d_359,,,,,0,0,0
1/23/12,11152,Monday,3,1,2012,d_360,,,,,0,0,0
1/24/12,11152,Tuesday,4,1,2012,d_361,,,,,0,0,0
1/25/12,11152,Wednesday,5,1,2012,d_362,,,,,0,0,0
1/26/12,11152,Thursday,6,1,2012,d_363,,,,,0,0,0
1/27/12,11152,Friday,7,1,2012,d_364,,,,,0,0,0
1/28/12,11201,Saturday,1,1,2012,d_365,,,,,0,0,0
1/29/12,11201,Sunday,2,1,2012,d_366,,,,,0,0,0
1/30/12,11201,Monday,3,1,2012,d_367,,,,,0,0,0
1/31/12,11201,Tuesday,4,1,2012,d_368,,,,,0,0,0
2/1/12,11201,Wednesday,5,2,2012,d_369,,,,,1,1,0
2/2/12,11201,Thursday,6,2,2012,d_370,,,,,1,0,1
2/3/12,11201,Friday,7,2,2012,d_371,,,,,1,1,1
2/4/12,11202,Saturday,1,2,2012,d_372,,,,,1,0,0
2/5/12,11202,Sunday,2,2,2012,d_373,SuperBowl,Sporting,,,1,1,1
2/6/12,11202,Monday,3,2,2012,d_374,,,,,1,1,1
2/7/12,11202,Tuesday,4,2,2012,d_375,,,,,1,1,0
2/8/12,11202,Wednesday,5,2,2012,d_376,,,,,1,0,1
2/9/12,11202,Thursday,6,2,2012,d_377,,,,,1,1,1
2/10/12,11202,Friday,7,2,2012,d_378,,,,,1,0,0
2/11/12,11203,Saturday,1,2,2012,d_379,,,,,0,1,1
2/12/12,11203,Sunday,2,2,2012,d_380,,,,,0,1,1
2/13/12,11203,Monday,3,2,2012,d_381,,,,,0,1,0
2/14/12,11203,Tuesday,4,2,2012,d_382,ValentinesDay,Cultural,,,0,0,1
2/15/12,11203,Wednesday,5,2,2012,d_383,,,,,0,1,1
2/16/12,11203,Thursday,6,2,2012,d_384,,,,,0,0,0
2/17/12,11203,Friday,7,2,2012,d_385,,,,,0,0,0
2/18/12,11204,Saturday,1,2,2012,d_386,,,,,0,0,0
2/19/12,11204,Sunday,2,2,2012,d_387,,,,,0,0,0
2/20/12,11204,Monday,3,2,2012,d_388,PresidentsDay,National,,,0,0,0
2/21/12,11204,Tuesday,4,2,2012,d_389,,,,,0,0,0
2/22/12,11204,Wednesday,5,2,2012,d_390,LentStart,Religious,,,0,0,0
2/23/12,11204,Thursday,6,2,2012,d_391,,,,,0,0,0
2/24/12,11204,Friday,7,2,2012,d_392,,,,,0,0,0
2/25/12,11205,Saturday,1,2,2012,d_393,,,,,0,0,0
2/26/12,11205,Sunday,2,2,2012,d_394,,,,,0,0,0
2/27/12,11205,Monday,3,2,2012,d_395,,,,,0,0,0
2/28/12,11205,Tuesday,4,2,2012,d_396,,,,,0,0,0
2/29/12,11205,Wednesday,5,2,2012,d_397,LentWeek2,Religious,,,0,0,0
3/1/12,11205,Thursday,6,3,2012,d_398,,,,,1,1,0
3/2/12,11205,Friday,7,3,2012,d_399,,,,,1,0,1
3/3/12,11206,Saturday,1,3,2012,d_400,,,,,1,1,1
3/4/12,11206,Sunday,2,3,2012,d_401,,,,,1,0,0
3/5/12,11206,Monday,3,3,2012,d_402,,,,,1,1,1
3/6/12,11206,Tuesday,4,3,2012,d_403,,,,,1,1,1
3/7/12,11206,Wednesday,5,3,2012,d_404,,,,,1,1,0
3/8/12,11206,Thursday,6,3,2012,d_405,Purim End,Religious,,,1,0,1
3/9/12,11206,Friday,7,3,2012,d_406,,,,,1,1,1
3/10/12,11207,Saturday,1,3,2012,d_407,,,,,1,0,0
3/11/12,11207,Sunday,2,3,2012,d_408,,,,,0,1,1
3/12/12,11207,Monday,3,3,2012,d_409,,,,,0,1,1
3/13/12,11207,Tuesday,4,3,2012,d_410,,,,,0,1,0
3/14/12,11207,Wednesday,5,3,2012,d_411,,,,,0,0,1
3/15/12,11207,Thursday,6,3,2012,d_412,,,,,0,1,1
3/16/12,11207,Friday,7,3,2012,d_413,,,,,0,0,0
3/17/12,11208,Saturday,1,3,2012,d_414,StPatricksDay,Cultural,,,0,0,0
3/18/12,11208,Sunday,2,3,2012,d_415,,,,,0,0,0
3/19/12,11208,Monday,3,3,2012,d_416,,,,,0,0,0
3/20/12,11208,Tuesday,4,3,2012,d_417,,,,,0,0,0
3/21/12,11208,Wednesday,5,3,2012,d_418,,,,,0,0,0
3/22/12,11208,Thursday,6,3,2012,d_419,,,,,0,0,0
3/23/12,11208,Friday,7,3,2012,d_420,,,,,0,0,0
3/24/12,11209,Saturday,1,3,2012,d_421,,,,,0,0,0
3/25/12,11209,Sunday,2,3,2012,d_422,,,,,0,0,0
3/26/12,11209,Monday,3,3,2012,d_423,,,,,0,0,0
3/27/12,11209,Tuesday,4,3,2012,d_424,,,,,0,0,0
3/28/12,11209,Wednesday,5,3,2012,d_425,,,,,0,0,0
3/29/12,11209,Thursday,6,3,2012,d_426,,,,,0,0,0
3/30/12,11209,Friday,7,3,2012,d_427,,,,,0,0,0
3/31/12,11210,Saturday,1,3,2012,d_428,,,,,0,0,0
4/1/12,11210,Sunday,2,4,2012,d_429,,,,,1,1,0
4/2/12,11210,Monday,3,4,2012,d_430,,,,,1,0,1
4/3/12,11210,Tuesday,4,4,2012,d_431,,,,,1,1,1
4/4/12,11210,Wednesday,5,4,2012,d_432,,,,,1,0,0
4/5/12,11210,Thursday,6,4,2012,d_433,,,,,1,1,1
4/6/12,11210,Friday,7,4,2012,d_434,,,,,1,1,1
4/7/12,11211,Saturday,1,4,2012,d_435,,,,,1,1,0
4/8/12,11211,Sunday,2,4,2012,d_436,Easter,Cultural,,,1,0,1
4/9/12,11211,Monday,3,4,2012,d_437,,,,,1,1,1
4/10/12,11211,Tuesday,4,4,2012,d_438,,,,,1,0,0
4/11/12,11211,Wednesday,5,4,2012,d_439,,,,,0,1,1
4/12/12,11211,Thursday,6,4,2012,d_440,,,,,0,1,1
4/13/12,11211,Friday,7,4,2012,d_441,,,,,0,1,0
4/14/12,11212,Saturday,1,4,2012,d_442,Pesach End,Religious,,,0,0,1
4/15/12,11212,Sunday,2,4,2012,d_443,OrthodoxEaster,Religious,,,0,1,1
4/16/12,11212,Monday,3,4,2012,d_444,,,,,0,0,0
4/17/12,11212,Tuesday,4,4,2012,d_445,,,,,0,0,0
4/18/12,11212,Wednesday,5,4,2012,d_446,,,,,0,0,0
4/19/12,11212,Thursday,6,4,2012,d_447,,,,,0,0,0
4/20/12,11212,Friday,7,4,2012,d_448,,,,,0,0,0
4/21/12,11213,Saturday,1,4,2012,d_449,,,,,0,0,0
4/22/12,11213,Sunday,2,4,2012,d_450,,,,,0,0,0
4/23/12,11213,Monday,3,4,2012,d_451,,,,,0,0,0
4/24/12,11213,Tuesday,4,4,2012,d_452,,,,,0,0,0
4/25/12,11213,Wednesday,5,4,2012,d_453,,,,,0,0,0
4/26/12,11213,Thursday,6,4,2012,d_454,,,,,0,0,0
4/27/12,11213,Friday,7,4,2012,d_455,,,,,0,0,0
4/28/12,11214,Saturday,1,4,2012,d_456,,,,,0,0,0
4/29/12,11214,Sunday,2,4,2012,d_457,,,,,0,0,0
4/30/12,11214,Monday,3,4,2012,d_458,,,,,0,0,0
5/1/12,11214,Tuesday,4,5,2012,d_459,,,,,1,1,0
5/2/12,11214,Wednesday,5,5,2012,d_460,,,,,1,0,1
5/3/12,11214,Thursday,6,5,2012,d_461,,,,,1,1,1
5/4/12,11214,Friday,7,5,2012,d_462,,,,,1,0,0
5/5/12,11215,Saturday,1,5,2012,d_463,Cinco De Mayo,Cultural,,,1,1,1
5/6/12,11215,Sunday,2,5,2012,d_464,,,,,1,1,1
5/7/12,11215,Monday,3,5,2012,d_465,,,,,1,1,0
5/8/12,11215,Tuesday,4,5,2012,d_466,,,,,1,0,1
5/9/12,11215,Wednesday,5,5,2012,d_467,,,,,1,1,1
5/10/12,11215,Thursday,6,5,2012,d_468,,,,,1,0,0
5/11/12,11215,Friday,7,5,2012,d_469,,,,,0,1,1
5/12/12,11216,Saturday,1,5,2012,d_470,,,,,0,1,1
5/13/12,11216,Sunday,2,5,2012,d_471,Mother's day,Cultural,,,0,1,0
5/14/12,11216,Monday,3,5,2012,d_472,,,,,0,0,1
5/15/12,11216,Tuesday,4,5,2012,d_473,,,,,0,1,1
5/16/12,11216,Wednesday,5,5,2012,d_474,,,,,0,0,0
5/17/12,11216,Thursday,6,5,2012,d_475,,,,,0,0,0
5/18/12,11216,Friday,7,5,2012,d_476,,,,,0,0,0
5/19/12,11217,Saturday,1,5,2012,d_477,,,,,0,0,0
5/20/12,11217,Sunday,2,5,2012,d_478,,,,,0,0,0
5/21/12,11217,Monday,3,5,2012,d_479,,,,,0,0,0
5/22/12,11217,Tuesday,4,5,2012,d_480,,,,,0,0,0
5/23/12,11217,Wednesday,5,5,2012,d_481,,,,,0,0,0
5/24/12,11217,Thursday,6,5,2012,d_482,,,,,0,0,0
5/25/12,11217,Friday,7,5,2012,d_483,,,,,0,0,0
5/26/12,11218,Saturday,1,5,2012,d_484,,,,,0,0,0
5/27/12,11218,Sunday,2,5,2012,d_485,,,,,0,0,0
5/28/12,11218,Monday,3,5,2012,d_486,MemorialDay,National,,,0,0,0
5/29/12,11218,Tuesday,4,5,2012,d_487,,,,,0,0,0
5/30/12,11218,Wednesday,5,5,2012,d_488,,,,,0,0,0
5/31/12,11218,Thursday,6,5,2012,d_489,,,,,0,0,0
6/1/12,11218,Friday,7,6,2012,d_490,,,,,1,1,0
6/2/12,11219,Saturday,1,6,2012,d_491,,,,,1,0,1
6/3/12,11219,Sunday,2,6,2012,d_492,,,,,1,1,1
6/4/12,11219,Monday,3,6,2012,d_493,,,,,1,0,0
6/5/12,11219,Tuesday,4,6,2012,d_494,,,,,1,1,1
6/6/12,11219,Wednesday,5,6,2012,d_495,,,,,1,1,1
6/7/12,11219,Thursday,6,6,2012,d_496,,,,,1,1,0
6/8/12,11219,Friday,7,6,2012,d_497,,,,,1,0,1
6/9/12,11220,Saturday,1,6,2012,d_498,,,,,1,1,1
6/10/12,11220,Sunday,2,6,2012,d_499,,,,,1,0,0
6/11/12,11220,Monday,3,6,2012,d_500,,,,,0,1,1
6/12/12,11220,Tuesday,4,6,2012,d_501,NBAFinalsStart,Sporting,,,0,1,1
6/13/12,11220,Wednesday,5,6,2012,d_502,,,,,0,1,0
6/14/12,11220,Thursday,6,6,2012,d_503,,,,,0,0,1
6/15/12,11220,Friday,7,6,2012,d_504,,,,,0,1,1
6/16/12,11221,Saturday,1,6,2012,d_505,,,,,0,0,0
6/17/12,11221,Sunday,2,6,2012,d_506,Father's day,Cultural,,,0,0,0
6/18/12,11221,Monday,3,6,2012,d_507,,,,,0,0,0
6/19/12,11221,Tuesday,4,6,2012,d_508,,,,,0,0,0
6/20/12,11221,Wednesday,5,6,2012,d_509,,,,,0,0,0
6/21/12,11221,Thursday,6,6,2012,d_510,NBAFinalsEnd,Sporting,,,0,0,0
6/22/12,11221,Friday,7,6,2012,d_511,,,,,0,0,0
6/23/12,11222,Saturday,1,6,2012,d_512,,,,,0,0,0
6/24/12,11222,Sunday,2,6,2012,d_513,,,,,0,0,0
6/25/12,11222,Monday,3,6,2012,d_514,,,,,0,0,0
6/26/12,11222,Tuesday,4,6,2012,d_515,,,,,0,0,0
6/27/12,11222,Wednesday,5,6,2012,d_516,,,,,0,0,0
6/28/12,11222,Thursday,6,6,2012,d_517,,,,,0,0,0
6/29/12,11222,Friday,7,6,2012,d_518,,,,,0,0,0
6/30/12,11223,Saturday,1,6,2012,d_519,,,,,0,0,0
7/1/12,11223,Sunday,2,7,2012,d_520,,,,,1,1,0
7/2/12,11223,Monday,3,7,2012,d_521,,,,,1,0,1
7/3/12,11223,Tuesday,4,7,2012,d_522,,,,,1,1,1
7/4/12,11223,Wednesday,5,7,2012,d_523,IndependenceDay,National,,,1,0,0
7/5/12,11223,Thursday,6,7,2012,d_524,,,,,1,1,1
7/6/12,11223,Friday,7,7,2012,d_525,,,,,1,1,1
7/7/12,11224,Saturday,1,7,2012,d_526,,,,,1,1,0
7/8/12,11224,Sunday,2,7,2012,d_527,,,,,1,0,1
7/9/12,11224,Monday,3,7,2012,d_528,,,,,1,1,1
7/10/12,11224,Tuesday,4,7,2012,d_529,,,,,1,0,0
7/11/12,11224,Wednesday,5,7,2012,d_530,,,,,0,1,1
7/12/12,11224,Thursday,6,7,2012,d_531,,,,,0,1,1
7/13/12,11224,Friday,7,7,2012,d_532,,,,,0,1,0
7/14/12,11225,Saturday,1,7,2012,d_533,,,,,0,0,1
7/15/12,11225,Sunday,2,7,2012,d_534,,,,,0,1,1
7/16/12,11225,Monday,3,7,2012,d_535,,,,,0,0,0
7/17/12,11225,Tuesday,4,7,2012,d_536,,,,,0,0,0
7/18/12,11225,Wednesday,5,7,2012,d_537,,,,,0,0,0
7/19/12,11225,Thursday,6,7,2012,d_538,,,,,0,0,0
7/20/12,11225,Friday,7,7,2012,d_539,Ramadan starts,Religious,,,0,0,0
7/21/12,11226,Saturday,1,7,2012,d_540,,,,,0,0,0
7/22/12,11226,Sunday,2,7,2012,d_541,,,,,0,0,0
7/23/12,11226,Monday,3,7,2012,d_542,,,,,0,0,0
7/24/12,11226,Tuesday,4,7,2012,d_543,,,,,0,0,0
7/25/12,11226,Wednesday,5,7,2012,d_544,,,,,0,0,0
7/26/12,11226,Thursday,6,7,2012,d_545,,,,,0,0,0
7/27/12,11226,Friday,7,7,2012,d_546,,,,,0,0,0
7/28/12,11227,Saturday,1,7,2012,d_547,,,,,0,0,0
7/29/12,11227,Sunday,2,7,2012,d_548,,,,,0,0,0
7/30/12,11227,Monday,3,7,2012,d_549,,,,,0,0,0
7/31/12,11227,Tuesday,4,7,2012,d_550,,,,,0,0,0
8/1/12,11227,Wednesday,5,8,2012,d_551,,,,,1,1,0
8/2/12,11227,Thursday,6,8,2012,d_552,,,,,1,0,1
8/3/12,11227,Friday,7,8,2012,d_553,,,,,1,1,1
8/4/12,11228,Saturday,1,8,2012,d_554,,,,,1,0,0
8/5/12,11228,Sunday,2,8,2012,d_555,,,,,1,1,1
8/6/12,11228,Monday,3,8,2012,d_556,,,,,1,1,1
8/7/12,11228,Tuesday,4,8,2012,d_557,,,,,1,1,0
8/8/12,11228,Wednesday,5,8,2012,d_558,,,,,1,0,1
8/9/12,11228,Thursday,6,8,2012,d_559,,,,,1,1,1
8/10/12,11228,Friday,7,8,2012,d_560,,,,,1,0,0
8/11/12,11229,Saturday,1,8,2012,d_561,,,,,0,1,1
8/12/12,11229,Sunday,2,8,2012,d_562,,,,,0,1,1
8/13/12,11229,Monday,3,8,2012,d_563,,,,,0,1,0
8/14/12,11229,Tuesday,4,8,2012,d_564,,,,,0,0,1
8/15/12,11229,Wednesday,5,8,2012,d_565,,,,,0,1,1
8/16/12,11229,Thursday,6,8,2012,d_566,,,,,0,0,0
8/17/12,11229,Friday,7,8,2012,d_567,,,,,0,0,0
8/18/12,11230,Saturday,1,8,2012,d_568,,,,,0,0,0
8/19/12,11230,Sunday,2,8,2012,d_569,Eid al-Fitr,Religious,,,0,0,0
8/20/12,11230,Monday,3,8,2012,d_570,,,,,0,0,0
8/21/12,11230,Tuesday,4,8,2012,d_571,,,,,0,0,0
8/22/12,11230,Wednesday,5,8,2012,d_572,,,,,0,0,0
8/23/12,11230,Thursday,6,8,2012,d_573,,,,,0,0,0
8/24/12,11230,Friday,7,8,2012,d_574,,,,,0,0,0
8/25/12,11231,Saturday,1,8,2012,d_575,,,,,0,0,0
8/26/12,11231,Sunday,2,8,2012,d_576,,,,,0,0,0
8/27/12,11231,Monday,3,8,2012,d_577,,,,,0,0,0
8/28/12,11231,Tuesday,4,8,2012,d_578,,,,,0,0,0
8/29/12,11231,Wednesday,5,8,2012,d_579,,,,,0,0,0
8/30/12,11231,Thursday,6,8,2012,d_580,,,,,0,0,0
8/31/12,11231,Friday,7,8,2012,d_581,,,,,0,0,0
9/1/12,11232,Saturday,1,9,2012,d_582,,,,,1,1,0
9/2/12,11232,Sunday,2,9,2012,d_583,,,,,1,0,1
9/3/12,11232,Monday,3,9,2012,d_584,LaborDay,National,,,1,1,1
9/4/12,11232,Tuesday,4,9,2012,d_585,,,,,1,0,0
9/5/12,11232,Wednesday,5,9,2012,d_586,,,,,1,1,1
9/6/12,11232,Thursday,6,9,2012,d_587,,,,,1,1,1
9/7/12,11232,Friday,7,9,2012,d_588,,,,,1,1,0
9/8/12,11233,Saturday,1,9,2012,d_589,,,,,1,0,1
9/9/12,11233,Sunday,2,9,2012,d_590,,,,,1,1,1
9/10/12,11233,Monday,3,9,2012,d_591,,,,,1,0,0
9/11/12,11233,Tuesday,4,9,2012,d_592,,,,,0,1,1
9/12/12,11233,Wednesday,5,9,2012,d_593,,,,,0,1,1
9/13/12,11233,Thursday,6,9,2012,d_594,,,,,0,1,0
9/14/12,11233,Friday,7,9,2012,d_595,,,,,0,0,1
9/15/12,11234,Saturday,1,9,2012,d_596,,,,,0,1,1
9/16/12,11234,Sunday,2,9,2012,d_597,,,,,0,0,0
9/17/12,11234,Monday,3,9,2012,d_598,,,,,0,0,0
9/18/12,11234,Tuesday,4,9,2012,d_599,,,,,0,0,0
9/19/12,11234,Wednesday,5,9,2012,d_600,,,,,0,0,0
9/20/12,11234,Thursday,6,9,2012,d_601,,,,,0,0,0
9/21/12,11234,Friday,7,9,2012,d_602,,,,,0,0,0
9/22/12,11235,Saturday,1,9,2012,d_603,,,,,0,0,0
9/23/12,11235,Sunday,2,9,2012,d_604,,,,,0,0,0
9/24/12,11235,Monday,3,9,2012,d_605,,,,,0,0,0
9/25/12,11235,Tuesday,4,9,2012,d_606,,,,,0,0,0
9/26/12,11235,Wednesday,5,9,2012,d_607,,,,,0,0,0
9/27/12,11235,Thursday,6,9,2012,d_608,,,,,0,0,0
9/28/12,11235,Friday,7,9,2012,d_609,,,,,0,0,0
9/29/12,11236,Saturday,1,9,2012,d_610,,,,,0,0,0
9/30/12,11236,Sunday,2,9,2012,d_611,,,,,0,0,0
10/1/12,11236,Monday,3,10,2012,d_612,,,,,1,1,0
10/2/12,11236,Tuesday,4,10,2012,d_613,,,,,1,0,1
10/3/12,11236,Wednesday,5,10,2012,d_614,,,,,1,1,1
10/4/12,11236,Thursday,6,10,2012,d_615,,,,,1,0,0
10/5/12,11236,Friday,7,10,2012,d_616,,,,,1,1,1
10/6/12,11237,Saturday,1,10,2012,d_617,,,,,1,1,1
10/7/12,11237,Sunday,2,10,2012,d_618,,,,,1,1,0
10/8/12,11237,Monday,3,10,2012,d_619,ColumbusDay,National,,,1,0,1
10/9/12,11237,Tuesday,4,10,2012,d_620,,,,,1,1,1
10/10/12,11237,Wednesday,5,10,2012,d_621,,,,,1,0,0
10/11/12,11237,Thursday,6,10,2012,d_622,,,,,0,1,1
10/12/12,11237,Friday,7,10,2012,d_623,,,,,0,1,1
10/13/12,11238,Saturday,1,10,2012,d_624,,,,,0,1,0
10/14/12,11238,Sunday,2,10,2012,d_625,,,,,0,0,1
10/15/12,11238,Monday,3,10,2012,d_626,,,,,0,1,1
10/16/12,11238,Tuesday,4,10,2012,d_627,,,,,0,0,0
10/17/12,11238,Wednesday,5,10,2012,d_628,,,,,0,0,0
10/18/12,11238,Thursday,6,10,2012,d_629,,,,,0,0,0
10/19/12,11238,Friday,7,10,2012,d_630,,,,,0,0,0
10/20/12,11239,Saturday,1,10,2012,d_631,,,,,0,0,0
10/21/12,11239,Sunday,2,10,2012,d_632,,,,,0,0,0
10/22/12,11239,Monday,3,10,2012,d_633,,,,,0,0,0
10/23/12,11239,Tuesday,4,10,2012,d_634,,,,,0,0,0
10/24/12,11239,Wednesday,5,10,2012,d_635,,,,,0,0,0
10/25/12,11239,Thursday,6,10,2012,d_636,,,,,0,0,0
10/26/12,11239,Friday,7,10,2012,d_637,EidAlAdha,Religious,,,0,0,0
10/27/12,11240,Saturday,1,10,2012,d_638,,,,,0,0,0
10/28/12,11240,Sunday,2,10,2012,d_639,,,,,0,0,0
10/29/12,11240,Monday,3,10,2012,d_640,,,,,0,0,0
10/30/12,11240,Tuesday,4,10,2012,d_641,,,,,0,0,0
10/31/12,11240,Wednesday,5,10,2012,d_642,Halloween,Cultural,,,0,0,0
11/1/12,11240,Thursday,6,11,2012,d_643,,,,,1,1,0
11/2/12,11240,Friday,7,11,2012,d_644,,,,,1,0,1
11/3/12,11241,Saturday,1,11,2012,d_645,,,,,1,1,1
11/4/12,11241,Sunday,2,11,2012,d_646,,,,,1,0,0
11/5/12,11241,Monday,3,11,2012,d_647,,,,,1,1,1
11/6/12,11241,Tuesday,4,11,2012,d_648,,,,,1,1,1
11/7/12,11241,Wednesday,5,11,2012,d_649,,,,,1,1,0
11/8/12,11241,Thursday,6,11,2012,d_650,,,,,1,0,1
11/9/12,11241,Friday,7,11,2012,d_651,,,,,1,1,1
11/10/12,11242,Saturday,1,11,2012,d_652,,,,,1,0,0
11/11/12,11242,Sunday,2,11,2012,d_653,VeteransDay,National,,,0,1,1
11/12/12,11242,Monday,3,11,2012,d_654,,,,,0,1,1
11/13/12,11242,Tuesday,4,11,2012,d_655,,,,,0,1,0
11/14/12,11242,Wednesday,5,11,2012,d_656,,,,,0,0,1
11/15/12,11242,Thursday,6,11,2012,d_657,,,,,0,1,1
11/16/12,11242,Friday,7,11,2012,d_658,,,,,0,0,0
11/17/12,11243,Saturday,1,11,2012,d_659,,,,,0,0,0
11/18/12,11243,Sunday,2,11,2012,d_660,,,,,0,0,0
11/19/12,11243,Monday,3,11,2012,d_661,,,,,0,0,0
11/20/12,11243,Tuesday,4,11,2012,d_662,,,,,0,0,0
11/21/12,11243,Wednesday,5,11,2012,d_663,,,,,0,0,0
11/22/12,11243,Thursday,6,11,2012,d_664,Thanksgiving,National,,,0,0,0
11/23/12,11243,Friday,7,11,2012,d_665,,,,,0,0,0
11/24/12,11244,Saturday,1,11,2012,d_666,,,,,0,0,0
11/25/12,11244,Sunday,2,11,2012,d_667,,,,,0,0,0
11/26/12,11244,Monday,3,11,2012,d_668,,,,,0,0,0
11/27/12,11244,Tuesday,4,11,2012,d_669,,,,,0,0,0
11/28/12,11244,Wednesday,5,11,2012,d_670,,,,,0,0,0
11/29/12,11244,Thursday,6,11,2012,d_671,,,,,0,0,0
11/30/12,11244,Friday,7,11,2012,d_672,,,,,0,0,0
12/1/12,11245,Saturday,1,12,2012,d_673,,,,,1,1,0
12/2/12,11245,Sunday,2,12,2012,d_674,,,,,1,0,1
12/3/12,11245,Monday,3,12,2012,d_675,,,,,1,1,1
12/4/12,11245,Tuesday,4,12,2012,d_676,,,,,1,0,0
12/5/12,11245,Wednesday,5,12,2012,d_677,,,,,1,1,1
12/6/12,11245,Thursday,6,12,2012,d_678,,,,,1,1,1
12/7/12,11245,Friday,7,12,2012,d_679,,,,,1,1,0
12/8/12,11246,Saturday,1,12,2012,d_680,,,,,1,0,1
12/9/12,11246,Sunday,2,12,2012,d_681,,,,,1,1,1
12/10/12,11246,Monday,3,12,2012,d_682,,,,,1,0,0
12/11/12,11246,Tuesday,4,12,2012,d_683,,,,,0,1,1
12/12/12,11246,Wednesday,5,12,2012,d_684,,,,,0,1,1
12/13/12,11246,Thursday,6,12,2012,d_685,,,,,0,1,0
12/14/12,11246,Friday,7,12,2012,d_686,,,,,0,0,1
12/15/12,11247,Saturday,1,12,2012,d_687,,,,,0,1,1
12/16/12,11247,Sunday,2,12,2012,d_688,Chanukah End,Religious,,,0,0,0
12/17/12,11247,Monday,3,12,2012,d_689,,,,,0,0,0
12/18/12,11247,Tuesday,4,12,2012,d_690,,,,,0,0,0
12/19/12,11247,Wednesday,5,12,2012,d_691,,,,,0,0,0
12/20/12,11247,Thursday,6,12,2012,d_692,,,,,0,0,0
12/21/12,11247,Friday,7,12,2012,d_693,,,,,0,0,0
12/22/12,11248,Saturday,1,12,2012,d_694,,,,,0,0,0
12/23/12,11248,Sunday,2,12,2012,d_695,,,,,0,0,0
12/24/12,11248,Monday,3,12,2012,d_696,,,,,0,0,0
12/25/12,11248,Tuesday,4,12,2012,d_697,Christmas,National,,,0,0,0
12/26/12,11248,Wednesday,5,12,2012,d_698,,,,,0,0,0
12/27/12,11248,Thursday,6,12,2012,d_699,,,,,0,0,0
12/28/12,11248,Friday,7,12,2012,d_700,,,,,0,0,0
12/29/12,11249,Saturday,1,12,2012,d_701,,,,,0,0,0
12/30/12,11249,Sunday,2,12,2012,d_702,,,,,0,0,0
12/31/12,11249,Monday,3,12,2012,d_703,,,,,0,0,0
1/1/13,11249,Tuesday,4,1,2013,d_704,NewYear,National,,,1,1,0
1/2/13,11249,Wednesday,5,1,2013,d_705,,,,,1,0,1
1/3/13,11249,Thursday,6,1,2013,d_706,,,,,1,1,1
1/4/13,11249,Friday,7,1,2013,d_707,,,,,1,0,0
1/5/13,11250,Saturday,1,1,2013,d_708,,,,,1,1,1
1/6/13,11250,Sunday,2,1,2013,d_709,,,,,1,1,1
1/7/13,11250,Monday,3,1,2013,d_710,OrthodoxChristmas,Religious,,,1,1,0
1/8/13,11250,Tuesday,4,1,2013,d_711,,,,,1,0,1
1/9/13,11250,Wednesday,5,1,2013,d_712,,,,,1,1,1
1/10/13,11250,Thursday,6,1,2013,d_713,,,,,1,0,0
1/11/13,11250,Friday,7,1,2013,d_714,,,,,0,1,1
1/12/13,11251,Saturday,1,1,2013,d_715,,,,,0,1,1
1/13/13,11251,Sunday,2,1,2013,d_716,,,,,0,1,0
1/14/13,11251,Monday,3,1,2013,d_717,,,,,0,0,1
1/15/13,11251,Tuesday,4,1,2013,d_718,,,,,0,1,1
1/16/13,11251,Wednesday,5,1,2013,d_719,,,,,0,0,0
1/17/13,11251,Thursday,6,1,2013,d_720,,,,,0,0,0
1/18/13,11251,Friday,7,1,2013,d_721,,,,,0,0,0
1/19/13,11252,Saturday,1,1,2013,d_722,,,,,0,0,0
1/20/13,11252,Sunday,2,1,2013,d_723,,,,,0,0,0
1/21/13,11252,Monday,3,1,2013,d_724,MartinLutherKingDay,National,,,0,0,0
1/22/13,11252,Tuesday,4,1,2013,d_725,,,,,0,0,0
1/23/13,11252,Wednesday,5,1,2013,d_726,,,,,0,0,0
1/24/13,11252,Thursday,6,1,2013,d_727,,,,,0,0,0
1/25/13,11252,Friday,7,1,2013,d_728,,,,,0,0,0
1/26/13,11301,Saturday,1,1,2013,d_729,,,,,0,0,0
1/27/13,11301,Sunday,2,1,2013,d_730,,,,,0,0,0
1/28/13,11301,Monday,3,1,2013,d_731,,,,,0,0,0
1/29/13,11301,Tuesday,4,1,2013,d_732,,,,,0,0,0
1/30/13,11301,Wednesday,5,1,2013,d_733,,,,,0,0,0
1/31/13,11301,Thursday,6,1,2013,d_734,,,,,0,0,0
2/1/13,11301,Friday,7,2,2013,d_735,,,,,1,1,0
2/2/13,11302,Saturday,1,2,2013,d_736,,,,,1,0,1
2/3/13,11302,Sunday,2,2,2013,d_737,SuperBowl,Sporting,,,1,1,1
2/4/13,11302,Monday,3,2,2013,d_738,,,,,1,0,0
2/5/13,11302,Tuesday,4,2,2013,d_739,,,,,1,1,1
2/6/13,11302,Wednesday,5,2,2013,d_740,,,,,1,1,1
2/7/13,11302,Thursday,6,2,2013,d_741,,,,,1,1,0
2/8/13,11302,Friday,7,2,2013,d_742,,,,,1,0,1
2/9/13,11303,Saturday,1,2,2013,d_743,,,,,1,1,1
2/10/13,11303,Sunday,2,2,2013,d_744,,,,,1,0,0
2/11/13,11303,Monday,3,2,2013,d_745,,,,,0,1,1
2/12/13,11303,Tuesday,4,2,2013,d_746,,,,,0,1,1
2/13/13,11303,Wednesday,5,2,2013,d_747,LentStart,Religious,,,0,1,0
2/14/13,11303,Thursday,6,2,2013,d_748,ValentinesDay,Cultural,,,0,0,1
2/15/13,11303,Friday,7,2,2013,d_749,,,,,0,1,1
2/16/13,11304,Saturday,1,2,2013,d_750,,,,,0,0,0
2/17/13,11304,Sunday,2,2,2013,d_751,,,,,0,0,0
2/18/13,11304,Monday,3,2,2013,d_752,PresidentsDay,National,,,0,0,0
2/19/13,11304,Tuesday,4,2,2013,d_753,,,,,0,0,0
2/20/13,11304,Wednesday,5,2,2013,d_754,LentWeek2,Religious,,,0,0,0
2/21/13,11304,Thursday,6,2,2013,d_755,,,,,0,0,0
2/22/13,11304,Friday,7,2,2013,d_756,,,,,0,0,0
2/23/13,11305,Saturday,1,2,2013,d_757,,,,,0,0,0
2/24/13,11305,Sunday,2,2,2013,d_758,Purim End,Religious,,,0,0,0
2/25/13,11305,Monday,3,2,2013,d_759,,,,,0,0,0
2/26/13,11305,Tuesday,4,2,2013,d_760,,,,,0,0,0
2/27/13,11305,Wednesday,5,2,2013,d_761,,,,,0,0,0
2/28/13,11305,Thursday,6,2,2013,d_762,,,,,0,0,0
3/1/13,11305,Friday,7,3,2013,d_763,,,,,1,1,0
3/2/13,11306,Saturday,1,3,2013,d_764,,,,,1,0,1
3/3/13,11306,Sunday,2,3,2013,d_765,,,,,1,1,1
3/4/13,11306,Monday,3,3,2013,d_766,,,,,1,0,0
3/5/13,11306,Tuesday,4,3,2013,d_767,,,,,1,1,1
3/6/13,11306,Wednesday,5,3,2013,d_768,,,,,1,1,1
3/7/13,11306,Thursday,6,3,2013,d_769,,,,,1,1,0
3/8/13,11306,Friday,7,3,2013,d_770,,,,,1,0,1
3/9/13,11307,Saturday,1,3,2013,d_771,,,,,1,1,1
3/10/13,11307,Sunday,2,3,2013,d_772,,,,,1,0,0
3/11/13,11307,Monday,3,3,2013,d_773,,,,,0,1,1
3/12/13,11307,Tuesday,4,3,2013,d_774,,,,,0,1,1
3/13/13,11307,Wednesday,5,3,2013,d_775,,,,,0,1,0
3/14/13,11307,Thursday,6,3,2013,d_776,,,,,0,0,1
3/15/13,11307,Friday,7,3,2013,d_777,,,,,0,1,1
3/16/13,11308,Saturday,1,3,2013,d_778,,,,,0,0,0
3/17/13,11308,Sunday,2,3,2013,d_779,StPatricksDay,Cultural,,,0,0,0
3/18/13,11308,Monday,3,3,2013,d_780,,,,,0,0,0
3/19/13,11308,Tuesday,4,3,2013,d_781,,,,,0,0,0
3/20/13,11308,Wednesday,5,3,2013,d_782,,,,,0,0,0
3/21/13,11308,Thursday,6,3,2013,d_783,,,,,0,0,0
3/22/13,11308,Friday,7,3,2013,d_784,,,,,0,0,0
3/23/13,11309,Saturday,1,3,2013,d_785,,,,,0,0,0
3/24/13,11309,Sunday,2,3,2013,d_786,,,,,0,0,0
3/25/13,11309,Monday,3,3,2013,d_787,,,,,0,0,0
3/26/13,11309,Tuesday,4,3,2013,d_788,,,,,0,0,0
3/27/13,11309,Wednesday,5,3,2013,d_789,,,,,0,0,0
3/28/13,11309,Thursday,6,3,2013,d_790,,,,,0,0,0
3/29/13,11309,Friday,7,3,2013,d_791,,,,,0,0,0
3/30/13,11310,Saturday,1,3,2013,d_792,,,,,0,0,0
3/31/13,11310,Sunday,2,3,2013,d_793,Easter,Cultural,,,0,0,0
4/1/13,11310,Monday,3,4,2013,d_794,,,,,1,1,0
4/2/13,11310,Tuesday,4,4,2013,d_795,Pesach End,Religious,,,1,0,1
4/3/13,11310,Wednesday,5,4,2013,d_796,,,,,1,1,1
4/4/13,11310,Thursday,6,4,2013,d_797,,,,,1,0,0
4/5/13,11310,Friday,7,4,2013,d_798,,,,,1,1,1
4/6/13,11311,Saturday,1,4,2013,d_799,,,,,1,1,1
4/7/13,11311,Sunday,2,4,2013,d_800,,,,,1,1,0
4/8/13,11311,Monday,3,4,2013,d_801,,,,,1,0,1
4/9/13,11311,Tuesday,4,4,2013,d_802,,,,,1,1,1
4/10/13,11311,Wednesday,5,4,2013,d_803,,,,,1,0,0
4/11/13,11311,Thursday,6,4,2013,d_804,,,,,0,1,1
4/12/13,11311,Friday,7,4,2013,d_805,,,,,0,1,1
4/13/13,11312,Saturday,1,4,2013,d_806,,,,,0,1,0
4/14/13,11312,Sunday,2,4,2013,d_807,,,,,0,0,1
4/15/13,11312,Monday,3,4,2013,d_808,,,,,0,1,1
4/16/13,11312,Tuesday,4,4,2013,d_809,,,,,0,0,0
4/17/13,11312,Wednesday,5,4,2013,d_810,,,,,0,0,0
4/18/13,11312,Thursday,6,4,2013,d_811,,,,,0,0,0
4/19/13,11312,Friday,7,4,2013,d_812,,,,,0,0,0
4/20/13,11313,Saturday,1,4,2013,d_813,,,,,0,0,0
4/21/13,11313,Sunday,2,4,2013,d_814,,,,,0,0,0
4/22/13,11313,Monday,3,4,2013,d_815,,,,,0,0,0
4/23/13,11313,Tuesday,4,4,2013,d_816,,,,,0,0,0
4/24/13,11313,Wednesday,5,4,2013,d_817,,,,,0,0,0
4/25/13,11313,Thursday,6,4,2013,d_818,,,,,0,0,0
4/26/13,11313,Friday,7,4,2013,d_819,,,,,0,0,0
4/27/13,11314,Saturday,1,4,2013,d_820,,,,,0,0,0
4/28/13,11314,Sunday,2,4,2013,d_821,,,,,0,0,0
4/29/13,11314,Monday,3,4,2013,d_822,,,,,0,0,0
4/30/13,11314,Tuesday,4,4,2013,d_823,,,,,0,0,0
5/1/13,11314,Wednesday,5,5,2013,d_824,,,,,1,1,0
5/2/13,11314,Thursday,6,5,2013,d_825,,,,,1,0,1
5/3/13,11314,Friday,7,5,2013,d_826,,,,,1,1,1
5/4/13,11315,Saturday,1,5,2013,d_827,,,,,1,0,0
5/5/13,11315,Sunday,2,5,2013,d_828,OrthodoxEaster,Religious,Cinco De Mayo,Cultural,1,1,1
5/6/13,11315,Monday,3,5,2013,d_829,,,,,1,1,1
5/7/13,11315,Tuesday,4,5,2013,d_830,,,,,1,1,0
5/8/13,11315,Wednesday,5,5,2013,d_831,,,,,1,0,1
5/9/13,11315,Thursday,6,5,2013,d_832,,,,,1,1,1
5/10/13,11315,Friday,7,5,2013,d_833,,,,,1,0,0
5/11/13,11316,Saturday,1,5,2013,d_834,,,,,0,1,1
5/12/13,11316,Sunday,2,5,2013,d_835,Mother's day,Cultural,,,0,1,1
5/13/13,11316,Monday,3,5,2013,d_836,,,,,0,1,0
5/14/13,11316,Tuesday,4,5,2013,d_837,,,,,0,0,1
5/15/13,11316,Wednesday,5,5,2013,d_838,,,,,0,1,1
5/16/13,11316,Thursday,6,5,2013,d_839,,,,,0,0,0
5/17/13,11316,Friday,7,5,2013,d_840,,,,,0,0,0
5/18/13,11317,Saturday,1,5,2013,d_841,,,,,0,0,0
5/19/13,11317,Sunday,2,5,2013,d_842,,,,,0,0,0
5/20/13,11317,Monday,3,5,2013,d_843,,,,,0,0,0
5/21/13,11317,Tuesday,4,5,2013,d_844,,,,,0,0,0
5/22/13,11317,Wednesday,5,5,2013,d_845,,,,,0,0,0
5/23/13,11317,Thursday,6,5,2013,d_846,,,,,0,0,0
5/24/13,11317,Friday,7,5,2013,d_847,,,,,0,0,0
5/25/13,11318,Saturday,1,5,2013,d_848,,,,,0,0,0
5/26/13,11318,Sunday,2,5,2013,d_849,,,,,0,0,0
5/27/13,11318,Monday,3,5,2013,d_850,MemorialDay,National,,,0,0,0
5/28/13,11318,Tuesday,4,5,2013,d_851,,,,,0,0,0
5/29/13,11318,Wednesday,5,5,2013,d_852,,,,,0,0,0
5/30/13,11318,Thursday,6,5,2013,d_853,,,,,0,0,0
5/31/13,11318,Friday,7,5,2013,d_854,,,,,0,0,0
6/1/13,11319,Saturday,1,6,2013,d_855,,,,,1,1,0
6/2/13,11319,Sunday,2,6,2013,d_856,,,,,1,0,1
6/3/13,11319,Monday,3,6,2013,d_857,,,,,1,1,1
6/4/13,11319,Tuesday,4,6,2013,d_858,,,,,1,0,0
6/5/13,11319,Wednesday,5,6,2013,d_859,,,,,1,1,1
6/6/13,11319,Thursday,6,6,2013,d_860,NBAFinalsStart,Sporting,,,1,1,1
6/7/13,11319,Friday,7,6,2013,d_861,,,,,1,1,0
6/8/13,11320,Saturday,1,6,2013,d_862,,,,,1,0,1
6/9/13,11320,Sunday,2,6,2013,d_863,,,,,1,1,1
6/10/13,11320,Monday,3,6,2013,d_864,,,,,1,0,0
6/11/13,11320,Tuesday,4,6,2013,d_865,,,,,0,1,1
6/12/13,11320,Wednesday,5,6,2013,d_866,,,,,0,1,1
6/13/13,11320,Thursday,6,6,2013,d_867,,,,,0,1,0
6/14/13,11320,Friday,7,6,2013,d_868,,,,,0,0,1
6/15/13,11321,Saturday,1,6,2013,d_869,,,,,0,1,1
6/16/13,11321,Sunday,2,6,2013,d_870,Father's day,Cultural,,,0,0,0
6/17/13,11321,Monday,3,6,2013,d_871,,,,,0,0,0
6/18/13,11321,Tuesday,4,6,2013,d_872,,,,,0,0,0
6/19/13,11321,Wednesday,5,6,2013,d_873,,,,,0,0,0
6/20/13,11321,Thursday,6,6,2013,d_874,NBAFinalsEnd,Sporting,,,0,0,0
6/21/13,11321,Friday,7,6,2013,d_875,,,,,0,0,0
6/22/13,11322,Saturday,1,6,2013,d_876,,,,,0,0,0
6/23/13,11322,Sunday,2,6,2013,d_877,,,,,0,0,0
6/24/13,11322,Monday,3,6,2013,d_878,,,,,0,0,0
6/25/13,11322,Tuesday,4,6,2013,d_879,,,,,0,0,0
6/26/13,11322,Wednesday,5,6,2013,d_880,,,,,0,0,0
6/27/13,11322,Thursday,6,6,2013,d_881,,,,,0,0,0
6/28/13,11322,Friday,7,6,2013,d_882,,,,,0,0,0
6/29/13,11323,Saturday,1,6,2013,d_883,,,,,0,0,0
6/30/13,11323,Sunday,2,6,2013,d_884,,,,,0,0,0
7/1/13,11323,Monday,3,7,2013,d_885,,,,,1,1,0
7/2/13,11323,Tuesday,4,7,2013,d_886,,,,,1,0,1
7/3/13,11323,Wednesday,5,7,2013,d_887,,,,,1,1,1
7/4/13,11323,Thursday,6,7,2013,d_888,IndependenceDay,National,,,1,0,0
7/5/13,11323,Friday,7,7,2013,d_889,,,,,1,1,1
7/6/13,11324,Saturday,1,7,2013,d_890,,,,,1,1,1
7/7/13,11324,Sunday,2,7,2013,d_891,,,,,1,1,0
7/8/13,11324,Monday,3,7,2013,d_892,,,,,1,0,1
7/9/13,11324,Tuesday,4,7,2013,d_893,Ramadan starts,Religious,,,1,1,1
7/10/13,11324,Wednesday,5,7,2013,d_894,,,,,1,0,0
7/11/13,11324,Thursday,6,7,2013,d_895,,,,,0,1,1
7/12/13,11324,Friday,7,7,2013,d_896,,,,,0,1,1
7/13/13,11325,Saturday,1,7,2013,d_897,,,,,0,1,0
7/14/13,11325,Sunday,2,7,2013,d_898,,,,,0,0,1
7/15/13,11325,Monday,3,7,2013,d_899,,,,,0,1,1
7/16/13,11325,Tuesday,4,7,2013,d_900,,,,,0,0,0
7/17/13,11325,Wednesday,5,7,2013,d_901,,,,,0,0,0
7/18/13,11325,Thursday,6,7,2013,d_902,,,,,0,0,0
7/19/13,11325,Friday,7,7,2013,d_903,,,,,0,0,0
7/20/13,11326,Saturday,1,7,2013,d_904,,,,,0,0,0
7/21/13,11326,Sunday,2,7,2013,d_905,,,,,0,0,0
7/22/13,11326,Monday,3,7,2013,d_906,,,,,0,0,0
7/23/13,11326,Tuesday,4,7,2013,d_907,,,,,0,0,0
7/24/13,11326,Wednesday,5,7,2013,d_908,,,,,0,0,0
7/25/13,11326,Thursday,6,7,2013,d_909,,,,,0,0,0
7/26/13,11326,Friday,7,7,2013,d_910,,,,,0,0,0
7/27/13,11327,Saturday,1,7,2013,d_911,,,,,0,0,0
7/28/13,11327,Sunday,2,7,2013,d_912,,,,,0,0,0
7/29/13,11327,Monday,3,7,2013,d_913,,,,,0,0,0
7/30/13,11327,Tuesday,4,7,2013,d_914,,,,,0,0,0
7/31/13,11327,Wednesday,5,7,2013,d_915,,,,,0,0,0
8/1/13,11327,Thursday,6,8,2013,d_916,,,,,1,1,0
8/2/13,11327,Friday,7,8,2013,d_917,,,,,1,0,1
8/3/13,11328,Saturday,1,8,2013,d_918,,,,,1,1,1
8/4/13,11328,Sunday,2,8,2013,d_919,,,,,1,0,0
8/5/13,11328,Monday,3,8,2013,d_920,,,,,1,1,1
8/6/13,11328,Tuesday,4,8,2013,d_921,,,,,1,1,1
8/7/13,11328,Wednesday,5,8,2013,d_922,,,,,1,1,0
8/8/13,11328,Thursday,6,8,2013,d_923,Eid al-Fitr,Religious,,,1,0,1
8/9/13,11328,Friday,7,8,2013,d_924,,,,,1,1,1
8/10/13,11329,Saturday,1,8,2013,d_925,,,,,1,0,0
8/11/13,11329,Sunday,2,8,2013,d_926,,,,,0,1,1
8/12/13,11329,Monday,3,8,2013,d_927,,,,,0,1,1
8/13/13,11329,Tuesday,4,8,2013,d_928,,,,,0,1,0
8/14/13,11329,Wednesday,5,8,2013,d_929,,,,,0,0,1
8/15/13,11329,Thursday,6,8,2013,d_930,,,,,0,1,1
8/16/13,11329,Friday,7,8,2013,d_931,,,,,0,0,0
8/17/13,11330,Saturday,1,8,2013,d_932,,,,,0,0,0
8/18/13,11330,Sunday,2,8,2013,d_933,,,,,0,0,0
8/19/13,11330,Monday,3,8,2013,d_934,,,,,0,0,0
8/20/13,11330,Tuesday,4,8,2013,d_935,,,,,0,0,0
8/21/13,11330,Wednesday,5,8,2013,d_936,,,,,0,0,0
8/22/13,11330,Thursday,6,8,2013,d_937,,,,,0,0,0
8/23/13,11330,Friday,7,8,2013,d_938,,,,,0,0,0
8/24/13,11331,Saturday,1,8,2013,d_939,,,,,0,0,0
8/25/13,11331,Sunday,2,8,2013,d_940,,,,,0,0,0
8/26/13,11331,Monday,3,8,2013,d_941,,,,,0,0,0
8/27/13,11331,Tuesday,4,8,2013,d_942,,,,,0,0,0
8/28/13,11331,Wednesday,5,8,2013,d_943,,,,,0,0,0
8/29/13,11331,Thursday,6,8,2013,d_944,,,,,0,0,0
8/30/13,11331,Friday,7,8,2013,d_945,,,,,0,0,0
8/31/13,11332,Saturday,1,8,2013,d_946,,,,,0,0,0
9/1/13,11332,Sunday,2,9,2013,d_947,,,,,1,1,0
9/2/13,11332,Monday,3,9,2013,d_948,LaborDay,National,,,1,0,1
9/3/13,11332,Tuesday,4,9,2013,d_949,,,,,1,1,1
9/4/13,11332,Wednesday,5,9,2013,d_950,,,,,1,0,0
9/5/13,11332,Thursday,6,9,2013,d_951,,,,,1,1,1
9/6/13,11332,Friday,7,9,2013,d_952,,,,,1,1,1
9/7/13,11333,Saturday,1,9,2013,d_953,,,,,1,1,0
9/8/13,11333,Sunday,2,9,2013,d_954,,,,,1,0,1
9/9/13,11333,Monday,3,9,2013,d_955,,,,,1,1,1
9/10/13,11333,Tuesday,4,9,2013,d_956,,,,,1,0,0
9/11/13,11333,Wednesday,5,9,2013,d_957,,,,,0,1,1
9/12/13,11333,Thursday,6,9,2013,d_958,,,,,0,1,1
9/13/13,11333,Friday,7,9,2013,d_959,,,,,0,1,0
9/14/13,11334,Saturday,1,9,2013,d_960,,,,,0,0,1
9/15/13,11334,Sunday,2,9,2013,d_961,,,,,0,1,1
9/16/13,11334,Monday,3,9,2013,d_962,,,,,0,0,0
9/17/13,11334,Tuesday,4,9,2013,d_963,,,,,0,0,0
9/18/13,11334,Wednesday,5,9,2013,d_964,,,,,0,0,0
9/19/13,11334,Thursday,6,9,2013,d_965,,,,,0,0,0
9/20/13,11334,Friday,7,9,2013,d_966,,,,,0,0,0
9/21/13,11335,Saturday,1,9,2013,d_967,,,,,0,0,0
9/22/13,11335,Sunday,2,9,2013,d_968,,,,,0,0,0
9/23/13,11335,Monday,3,9,2013,d_969,,,,,0,0,0
9/24/13,11335,Tuesday,4,9,2013,d_970,,,,,0,0,0
9/25/13,11335,Wednesday,5,9,2013,d_971,,,,,0,0,0
9/26/13,11335,Thursday,6,9,2013,d_972,,,,,0,0,0
9/27/13,11335,Friday,7,9,2013,d_973,,,,,0,0,0
9/28/13,11336,Saturday,1,9,2013,d_974,,,,,0,0,0
9/29/13,11336,Sunday,2,9,2013,d_975,,,,,0,0,0
9/30/13,11336,Monday,3,9,2013,d_976,,,,,0,0,0
10/1/13,11336,Tuesday,4,10,2013,d_977,,,,,1,1,0
10/2/13,11336,Wednesday,5,10,2013,d_978,,,,,1,0,1
10/3/13,11336,Thursday,6,10,2013,d_979,,,,,1,1,1
10/4/13,11336,Friday,7,10,2013,d_980,,,,,1,0,0
10/5/13,11337,Saturday,1,10,2013,d_981,,,,,1,1,1
10/6/13,11337,Sunday,2,10,2013,d_982,,,,,1,1,1
10/7/13,11337,Monday,3,10,2013,d_983,,,,,1,1,0
10/8/13,11337,Tuesday,4,10,2013,d_984,,,,,1,0,1
10/9/13,11337,Wednesday,5,10,2013,d_985,,,,,1,1,1
10/10/13,11337,Thursday,6,10,2013,d_986,,,,,1,0,0
10/11/13,11337,Friday,7,10,2013,d_987,,,,,0,1,1
10/12/13,11338,Saturday,1,10,2013,d_988,,,,,0,1,1
10/13/13,11338,Sunday,2,10,2013,d_989,,,,,0,1,0
10/14/13,11338,Monday,3,10,2013,d_990,ColumbusDay,National,,,0,0,1
10/15/13,11338,Tuesday,4,10,2013,d_991,EidAlAdha,Religious,,,0,1,1
10/16/13,11338,Wednesday,5,10,2013,d_992,,,,,0,0,0
10/17/13,11338,Thursday,6,10,2013,d_993,,,,,0,0,0
10/18/13,11338,Friday,7,10,2013,d_994,,,,,0,0,0
10/19/13,11339,Saturday,1,10,2013,d_995,,,,,0,0,0
10/20/13,11339,Sunday,2,10,2013,d_996,,,,,0,0,0
10/21/13,11339,Monday,3,10,2013,d_997,,,,,0,0,0
10/22/13,11339,Tuesday,4,10,2013,d_998,,,,,0,0,0
10/23/13,11339,Wednesday,5,10,2013,d_999,,,,,0,0,0
10/24/13,11339,Thursday,6,10,2013,d_1000,,,,,0,0,0
10/25/13,11339,Friday,7,10,2013,d_1001,,,,,0,0,0
10/26/13,11340,Saturday,1,10,2013,d_1002,,,,,0,0,0
10/27/13,11340,Sunday,2,10,2013,d_1003,,,,,0,0,0
10/28/13,11340,Monday,3,10,2013,d_1004,,,,,0,0,0
10/29/13,11340,Tuesday,4,10,2013,d_1005,,,,,0,0,0
10/30/13,11340,Wednesday,5,10,2013,d_1006,,,,,0,0,0
10/31/13,11340,Thursday,6,10,2013,d_1007,Halloween,Cultural,,,0,0,0
11/1/13,11340,Friday,7,11,2013,d_1008,,,,,1,1,0
11/2/13,11341,Saturday,1,11,2013,d_1009,,,,,1,0,1
11/3/13,11341,Sunday,2,11,2013,d_1010,,,,,1,1,1
11/4/13,11341,Monday,3,11,2013,d_1011,,,,,1,0,0
11/5/13,11341,Tuesday,4,11,2013,d_1012,,,,,1,1,1
11/6/13,11341,Wednesday,5,11,2013,d_1013,,,,,1,1,1
11/7/13,11341,Thursday,6,11,2013,d_1014,,,,,1,1,0
11/8/13,11341,Friday,7,11,2013,d_1015,,,,,1,0,1
11/9/13,11342,Saturday,1,11,2013,d_1016,,,,,1,1,1
11/10/13,11342,Sunday,2,11,2013,d_1017,,,,,1,0,0
11/11/13,11342,Monday,3,11,2013,d_1018,VeteransDay,National,,,0,1,1
11/12/13,11342,Tuesday,4,11,2013,d_1019,,,,,0,1,1
11/13/13,11342,Wednesday,5,11,2013,d_1020,,,,,0,1,0
11/14/13,11342,Thursday,6,11,2013,d_1021,,,,,0,0,1
11/15/13,11342,Friday,7,11,2013,d_1022,,,,,0,1,1
11/16/13,11343,Saturday,1,11,2013,d_1023,,,,,0,0,0
11/17/13,11343,Sunday,2,11,2013,d_1024,,,,,0,0,0
11/18/13,11343,Monday,3,11,2013,d_1025,,,,,0,0,0
11/19/13,11343,Tuesday,4,11,2013,d_1026,,,,,0,0,0
11/20/13,11343,Wednesday,5,11,2013,d_1027,,,,,0,0,0
11/21/13,11343,Thursday,6,11,2013,d_1028,,,,,0,0,0
11/22/13,11343,Friday,7,11,2013,d_1029,,,,,0,0,0
11/23/13,11344,Saturday,1,11,2013,d_1030,,,,,0,0,0
11/24/13,11344,Sunday,2,11,2013,d_1031,,,,,0,0,0
11/25/13,11344,Monday,3,11,2013,d_1032,,,,,0,0,0
11/26/13,11344,Tuesday,4,11,2013,d_1033,,,,,0,0,0
11/27/13,11344,Wednesday,5,11,2013,d_1034,,,,,0,0,0
11/28/13,11344,Thursday,6,11,2013,d_1035,Thanksgiving,National,,,0,0,0
11/29/13,11344,Friday,7,11,2013,d_1036,,,,,0,0,0
11/30/13,11345,Saturday,1,11,2013,d_1037,,,,,0,0,0
12/1/13,11345,Sunday,2,12,2013,d_1038,,,,,1,1,0
12/2/13,11345,Monday,3,12,2013,d_1039,,,,,1,0,1
12/3/13,11345,Tuesday,4,12,2013,d_1040,,,,,1,1,1
12/4/13,11345,Wednesday,5,12,2013,d_1041,,,,,1,0,0
12/5/13,11345,Thursday,6,12,2013,d_1042,Chanukah End,Religious,,,1,1,1
12/6/13,11345,Friday,7,12,2013,d_1043,,,,,1,1,1
12/7/13,11346,Saturday,1,12,2013,d_1044,,,,,1,1,0
12/8/13,11346,Sunday,2,12,2013,d_1045,,,,,1,0,1
12/9/13,11346,Monday,3,12,2013,d_1046,,,,,1,1,1
12/10/13,11346,Tuesday,4,12,2013,d_1047,,,,,1,0,0
12/11/13,11346,Wednesday,5,12,2013,d_1048,,,,,0,1,1
12/12/13,11346,Thursday,6,12,2013,d_1049,,,,,0,1,1
12/13/13,11346,Friday,7,12,2013,d_1050,,,,,0,1,0
12/14/13,11347,Saturday,1,12,2013,d_1051,,,,,0,0,1
12/15/13,11347,Sunday,2,12,2013,d_1052,,,,,0,1,1
12/16/13,11347,Monday,3,12,2013,d_1053,,,,,0,0,0
12/17/13,11347,Tuesday,4,12,2013,d_1054,,,,,0,0,0
12/18/13,11347,Wednesday,5,12,2013,d_1055,,,,,0,0,0
12/19/13,11347,Thursday,6,12,2013,d_1056,,,,,0,0,0
12/20/13,11347,Friday,7,12,2013,d_1057,,,,,0,0,0
12/21/13,11348,Saturday,1,12,2013,d_1058,,,,,0,0,0
12/22/13,11348,Sunday,2,12,2013,d_1059,,,,,0,0,0
12/23/13,11348,Monday,3,12,2013,d_1060,,,,,0,0,0
12/24/13,11348,Tuesday,4,12,2013,d_1061,,,,,0,0,0
12/25/13,11348,Wednesday,5,12,2013,d_1062,Christmas,National,,,0,0,0
12/26/13,11348,Thursday,6,12,2013,d_1063,,,,,0,0,0
12/27/13,11348,Friday,7,12,2013,d_1064,,,,,0,0,0
12/28/13,11349,Saturday,1,12,2013,d_1065,,,,,0,0,0
12/29/13,11349,Sunday,2,12,2013,d_1066,,,,,0,0,0
12/30/13,11349,Monday,3,12,2013,d_1067,,,,,0,0,0
12/31/13,11349,Tuesday,4,12,2013,d_1068,,,,,0,0,0
1/1/14,11349,Wednesday,5,1,2014,d_1069,NewYear,National,,,1,1,0
1/2/14,11349,Thursday,6,1,2014,d_1070,,,,,1,0,1
1/3/14,11349,Friday,7,1,2014,d_1071,,,,,1,1,1
1/4/14,11350,Saturday,1,1,2014,d_1072,,,,,1,0,0
1/5/14,11350,Sunday,2,1,2014,d_1073,,,,,1,1,1
1/6/14,11350,Monday,3,1,2014,d_1074,,,,,1,1,1
1/7/14,11350,Tuesday,4,1,2014,d_1075,OrthodoxChristmas,Religious,,,1,1,0
1/8/14,11350,Wednesday,5,1,2014,d_1076,,,,,1,0,1
1/9/14,11350,Thursday,6,1,2014,d_1077,,,,,1,1,1
1/10/14,11350,Friday,7,1,2014,d_1078,,,,,1,0,0
1/11/14,11351,Saturday,1,1,2014,d_1079,,,,,0,1,1
1/12/14,11351,Sunday,2,1,2014,d_1080,,,,,0,1,1
1/13/14,11351,Monday,3,1,2014,d_1081,,,,,0,1,0
1/14/14,11351,Tuesday,4,1,2014,d_1082,,,,,0,0,1
1/15/14,11351,Wednesday,5,1,2014,d_1083,,,,,0,1,1
1/16/14,11351,Thursday,6,1,2014,d_1084,,,,,0,0,0
1/17/14,11351,Friday,7,1,2014,d_1085,,,,,0,0,0
1/18/14,11352,Saturday,1,1,2014,d_1086,,,,,0,0,0
1/19/14,11352,Sunday,2,1,2014,d_1087,,,,,0,0,0
1/20/14,11352,Monday,3,1,2014,d_1088,MartinLutherKingDay,National,,,0,0,0
1/21/14,11352,Tuesday,4,1,2014,d_1089,,,,,0,0,0
1/22/14,11352,Wednesday,5,1,2014,d_1090,,,,,0,0,0
1/23/14,11352,Thursday,6,1,2014,d_1091,,,,,0,0,0
1/24/14,11352,Friday,7,1,2014,d_1092,,,,,0,0,0
1/25/14,11353,Saturday,1,1,2014,d_1093,,,,,0,0,0
1/26/14,11353,Sunday,2,1,2014,d_1094,,,,,0,0,0
1/27/14,11353,Monday,3,1,2014,d_1095,,,,,0,0,0
1/28/14,11353,Tuesday,4,1,2014,d_1096,,,,,0,0,0
1/29/14,11353,Wednesday,5,1,2014,d_1097,,,,,0,0,0
1/30/14,11353,Thursday,6,1,2014,d_1098,,,,,0,0,0
1/31/14,11353,Friday,7,1,2014,d_1099,,,,,0,0,0
2/1/14,11401,Saturday,1,2,2014,d_1100,,,,,1,1,0
2/2/14,11401,Sunday,2,2,2014,d_1101,SuperBowl,Sporting,,,1,0,1
2/3/14,11401,Monday,3,2,2014,d_1102,,,,,1,1,1
2/4/14,11401,Tuesday,4,2,2014,d_1103,,,,,1,0,0
2/5/14,11401,Wednesday,5,2,2014,d_1104,,,,,1,1,1
2/6/14,11401,Thursday,6,2,2014,d_1105,,,,,1,1,1
2/7/14,11401,Friday,7,2,2014,d_1106,,,,,1,1,0
2/8/14,11402,Saturday,1,2,2014,d_1107,,,,,1,0,1
2/9/14,11402,Sunday,2,2,2014,d_1108,,,,,1,1,1
2/10/14,11402,Monday,3,2,2014,d_1109,,,,,1,0,0
2/11/14,11402,Tuesday,4,2,2014,d_1110,,,,,0,1,1
2/12/14,11402,Wednesday,5,2,2014,d_1111,,,,,0,1,1
2/13/14,11402,Thursday,6,2,2014,d_1112,,,,,0,1,0
2/14/14,11402,Friday,7,2,2014,d_1113,ValentinesDay,Cultural,,,0,0,1
2/15/14,11403,Saturday,1,2,2014,d_1114,,,,,0,1,1
2/16/14,11403,Sunday,2,2,2014,d_1115,,,,,0,0,0
2/17/14,11403,Monday,3,2,2014,d_1116,PresidentsDay,National,,,0,0,0
2/18/14,11403,Tuesday,4,2,2014,d_1117,,,,,0,0,0
2/19/14,11403,Wednesday,5,2,2014,d_1118,,,,,0,0,0
2/20/14,11403,Thursday,6,2,2014,d_1119,,,,,0,0,0
2/21/14,11403,Friday,7,2,2014,d_1120,,,,,0,0,0
2/22/14,11404,Saturday,1,2,2014,d_1121,,,,,0,0,0
2/23/14,11404,Sunday,2,2,2014,d_1122,,,,,0,0,0
2/24/14,11404,Monday,3,2,2014,d_1123,,,,,0,0,0
2/25/14,11404,Tuesday,4,2,2014,d_1124,,,,,0,0,0
2/26/14,11404,Wednesday,5,2,2014,d_1125,,,,,0,0,0
2/27/14,11404,Thursday,6,2,2014,d_1126,,,,,0,0,0
2/28/14,11404,Friday,7,2,2014,d_1127,,,,,0,0,0
3/1/14,11405,Saturday,1,3,2014,d_1128,,,,,1,1,0
3/2/14,11405,Sunday,2,3,2014,d_1129,,,,,1,0,1
3/3/14,11405,Monday,3,3,2014,d_1130,,,,,1,1,1
3/4/14,11405,Tuesday,4,3,2014,d_1131,,,,,1,0,0
3/5/14,11405,Wednesday,5,3,2014,d_1132,LentStart,Religious,,,1,1,1
3/6/14,11405,Thursday,6,3,2014,d_1133,,,,,1,1,1
3/7/14,11405,Friday,7,3,2014,d_1134,,,,,1,1,0
3/8/14,11406,Saturday,1,3,2014,d_1135,,,,,1,0,1
3/9/14,11406,Sunday,2,3,2014,d_1136,,,,,1,1,1
3/10/14,11406,Monday,3,3,2014,d_1137,,,,,1,0,0
3/11/14,11406,Tuesday,4,3,2014,d_1138,,,,,0,1,1
3/12/14,11406,Wednesday,5,3,2014,d_1139,LentWeek2,Religious,,,0,1,1
3/13/14,11406,Thursday,6,3,2014,d_1140,,,,,0,1,0
3/14/14,11406,Friday,7,3,2014,d_1141,,,,,0,0,1
3/15/14,11407,Saturday,1,3,2014,d_1142,,,,,0,1,1
3/16/14,11407,Sunday,2,3,2014,d_1143,Purim End,Religious,,,0,0,0
3/17/14,11407,Monday,3,3,2014,d_1144,StPatricksDay,Cultural,,,0,0,0
3/18/14,11407,Tuesday,4,3,2014,d_1145,,,,,0,0,0
3/19/14,11407,Wednesday,5,3,2014,d_1146,,,,,0,0,0
3/20/14,11407,Thursday,6,3,2014,d_1147,,,,,0,0,0
3/21/14,11407,Friday,7,3,2014,d_1148,,,,,0,0,0
3/22/14,11408,Saturday,1,3,2014,d_1149,,,,,0,0,0
3/23/14,11408,Sunday,2,3,2014,d_1150,,,,,0,0,0
3/24/14,11408,Monday,3,3,2014,d_1151,,,,,0,0,0
3/25/14,11408,Tuesday,4,3,2014,d_1152,,,,,0,0,0
3/26/14,11408,Wednesday,5,3,2014,d_1153,,,,,0,0,0
3/27/14,11408,Thursday,6,3,2014,d_1154,,,,,0,0,0
3/28/14,11408,Friday,7,3,2014,d_1155,,,,,0,0,0
3/29/14,11409,Saturday,1,3,2014,d_1156,,,,,0,0,0
3/30/14,11409,Sunday,2,3,2014,d_1157,,,,,0,0,0
3/31/14,11409,Monday,3,3,2014,d_1158,,,,,0,0,0
4/1/14,11409,Tuesday,4,4,2014,d_1159,,,,,1,1,0
4/2/14,11409,Wednesday,5,4,2014,d_1160,,,,,1,0,1
4/3/14,11409,Thursday,6,4,2014,d_1161,,,,,1,1,1
4/4/14,11409,Friday,7,4,2014,d_1162,,,,,1,0,0
4/5/14,11410,Saturday,1,4,2014,d_1163,,,,,1,1,1
4/6/14,11410,Sunday,2,4,2014,d_1164,,,,,1,1,1
4/7/14,11410,Monday,3,4,2014,d_1165,,,,,1,1,0
4/8/14,11410,Tuesday,4,4,2014,d_1166,,,,,1,0,1
4/9/14,11410,Wednesday,5,4,2014,d_1167,,,,,1,1,1
4/10/14,11410,Thursday,6,4,2014,d_1168,,,,,1,0,0
4/11/14,11410,Friday,7,4,2014,d_1169,,,,,0,1,1
4/12/14,11411,Saturday,1,4,2014,d_1170,,,,,0,1,1
4/13/14,11411,Sunday,2,4,2014,d_1171,,,,,0,1,0
4/14/14,11411,Monday,3,4,2014,d_1172,,,,,0,0,1
4/15/14,11411,Tuesday,4,4,2014,d_1173,,,,,0,1,1
4/16/14,11411,Wednesday,5,4,2014,d_1174,,,,,0,0,0
4/17/14,11411,Thursday,6,4,2014,d_1175,,,,,0,0,0
4/18/14,11411,Friday,7,4,2014,d_1176,,,,,0,0,0
4/19/14,11412,Saturday,1,4,2014,d_1177,,,,,0,0,0
4/20/14,11412,Sunday,2,4,2014,d_1178,Easter,Cultural,OrthodoxEaster,Religious,0,0,0
4/21/14,11412,Monday,3,4,2014,d_1179,,,,,0,0,0
4/22/14,11412,Tuesday,4,4,2014,d_1180,Pesach End,Religious,,,0,0,0
4/23/14,11412,Wednesday,5,4,2014,d_1181,,,,,0,0,0
4/24/14,11412,Thursday,6,4,2014,d_1182,,,,,0,0,0
4/25/14,11412,Friday,7,4,2014,d_1183,,,,,0,0,0
4/26/14,11413,Saturday,1,4,2014,d_1184,,,,,0,0,0
4/27/14,11413,Sunday,2,4,2014,d_1185,,,,,0,0,0
4/28/14,11413,Monday,3,4,2014,d_1186,,,,,0,0,0
4/29/14,11413,Tuesday,4,4,2014,d_1187,,,,,0,0,0
4/30/14,11413,Wednesday,5,4,2014,d_1188,,,,,0,0,0
5/1/14,11413,Thursday,6,5,2014,d_1189,,,,,1,1,0
5/2/14,11413,Friday,7,5,2014,d_1190,,,,,1,0,1
5/3/14,11414,Saturday,1,5,2014,d_1191,,,,,1,1,1
5/4/14,11414,Sunday,2,5,2014,d_1192,,,,,1,0,0
5/5/14,11414,Monday,3,5,2014,d_1193,Cinco De Mayo,Cultural,,,1,1,1
5/6/14,11414,Tuesday,4,5,2014,d_1194,,,,,1,1,1
5/7/14,11414,Wednesday,5,5,2014,d_1195,,,,,1,1,0
5/8/14,11414,Thursday,6,5,2014,d_1196,,,,,1,0,1
5/9/14,11414,Friday,7,5,2014,d_1197,,,,,1,1,1
5/10/14,11415,Saturday,1,5,2014,d_1198,,,,,1,0,0
5/11/14,11415,Sunday,2,5,2014,d_1199,Mother's day,Cultural,,,0,1,1
5/12/14,11415,Monday,3,5,2014,d_1200,,,,,0,1,1
5/13/14,11415,Tuesday,4,5,2014,d_1201,,,,,0,1,0
5/14/14,11415,Wednesday,5,5,2014,d_1202,,,,,0,0,1
5/15/14,11415,Thursday,6,5,2014,d_1203,,,,,0,1,1
5/16/14,11415,Friday,7,5,2014,d_1204,,,,,0,0,0
5/17/14,11416,Saturday,1,5,2014,d_1205,,,,,0,0,0
5/18/14,11416,Sunday,2,5,2014,d_1206,,,,,0,0,0
5/19/14,11416,Monday,3,5,2014,d_1207,,,,,0,0,0
5/20/14,11416,Tuesday,4,5,2014,d_1208,,,,,0,0,0
5/21/14,11416,Wednesday,5,5,2014,d_1209,,,,,0,0,0
5/22/14,11416,Thursday,6,5,2014,d_1210,,,,,0,0,0
5/23/14,11416,Friday,7,5,2014,d_1211,,,,,0,0,0
5/24/14,11417,Saturday,1,5,2014,d_1212,,,,,0,0,0
5/25/14,11417,Sunday,2,5,2014,d_1213,,,,,0,0,0
5/26/14,11417,Monday,3,5,2014,d_1214,MemorialDay,National,,,0,0,0
5/27/14,11417,Tuesday,4,5,2014,d_1215,,,,,0,0,0
5/28/14,11417,Wednesday,5,5,2014,d_1216,,,,,0,0,0
5/29/14,11417,Thursday,6,5,2014,d_1217,,,,,0,0,0
5/30/14,11417,Friday,7,5,2014,d_1218,,,,,0,0,0
5/31/14,11418,Saturday,1,5,2014,d_1219,,,,,0,0,0
6/1/14,11418,Sunday,2,6,2014,d_1220,,,,,1,1,0
6/2/14,11418,Monday,3,6,2014,d_1221,,,,,1,0,1
6/3/14,11418,Tuesday,4,6,2014,d_1222,,,,,1,1,1
6/4/14,11418,Wednesday,5,6,2014,d_1223,,,,,1,0,0
6/5/14,11418,Thursday,6,6,2014,d_1224,NBAFinalsStart,Sporting,,,1,1,1
6/6/14,11418,Friday,7,6,2014,d_1225,,,,,1,1,1
6/7/14,11419,Saturday,1,6,2014,d_1226,,,,,1,1,0
6/8/14,11419,Sunday,2,6,2014,d_1227,,,,,1,0,1
6/9/14,11419,Monday,3,6,2014,d_1228,,,,,1,1,1
6/10/14,11419,Tuesday,4,6,2014,d_1229,,,,,1,0,0
6/11/14,11419,Wednesday,5,6,2014,d_1230,,,,,0,1,1
6/12/14,11419,Thursday,6,6,2014,d_1231,,,,,0,1,1
6/13/14,11419,Friday,7,6,2014,d_1232,,,,,0,1,0
6/14/14,11420,Saturday,1,6,2014,d_1233,,,,,0,0,1
6/15/14,11420,Sunday,2,6,2014,d_1234,NBAFinalsEnd,Sporting,Father's day,Cultural,0,1,1
6/16/14,11420,Monday,3,6,2014,d_1235,,,,,0,0,0
6/17/14,11420,Tuesday,4,6,2014,d_1236,,,,,0,0,0
6/18/14,11420,Wednesday,5,6,2014,d_1237,,,,,0,0,0
6/19/14,11420,Thursday,6,6,2014,d_1238,,,,,0,0,0
6/20/14,11420,Friday,7,6,2014,d_1239,,,,,0,0,0
6/21/14,11421,Saturday,1,6,2014,d_1240,,,,,0,0,0
6/22/14,11421,Sunday,2,6,2014,d_1241,,,,,0,0,0
6/23/14,11421,Monday,3,6,2014,d_1242,,,,,0,0,0
6/24/14,11421,Tuesday,4,6,2014,d_1243,,,,,0,0,0
6/25/14,11421,Wednesday,5,6,2014,d_1244,,,,,0,0,0
6/26/14,11421,Thursday,6,6,2014,d_1245,,,,,0,0,0
6/27/14,11421,Friday,7,6,2014,d_1246,,,,,0,0,0
6/28/14,11422,Saturday,1,6,2014,d_1247,,,,,0,0,0
6/29/14,11422,Sunday,2,6,2014,d_1248,Ramadan starts,Religious,,,0,0,0
6/30/14,11422,Monday,3,6,2014,d_1249,,,,,0,0,0
7/1/14,11422,Tuesday,4,7,2014,d_1250,,,,,1,1,0
7/2/14,11422,Wednesday,5,7,2014,d_1251,,,,,1,0,1
7/3/14,11422,Thursday,6,7,2014,d_1252,,,,,1,1,1
7/4/14,11422,Friday,7,7,2014,d_1253,IndependenceDay,National,,,1,0,0
7/5/14,11423,Saturday,1,7,2014,d_1254,,,,,1,1,1
7/6/14,11423,Sunday,2,7,2014,d_1255,,,,,1,1,1
7/7/14,11423,Monday,3,7,2014,d_1256,,,,,1,1,0
7/8/14,11423,Tuesday,4,7,2014,d_1257,,,,,1,0,1
7/9/14,11423,Wednesday,5,7,2014,d_1258,,,,,1,1,1
7/10/14,11423,Thursday,6,7,2014,d_1259,,,,,1,0,0
7/11/14,11423,Friday,7,7,2014,d_1260,,,,,0,1,1
7/12/14,11424,Saturday,1,7,2014,d_1261,,,,,0,1,1
7/13/14,11424,Sunday,2,7,2014,d_1262,,,,,0,1,0
7/14/14,11424,Monday,3,7,2014,d_1263,,,,,0,0,1
7/15/14,11424,Tuesday,4,7,2014,d_1264,,,,,0,1,1
7/16/14,11424,Wednesday,5,7,2014,d_1265,,,,,0,0,0
7/17/14,11424,Thursday,6,7,2014,d_1266,,,,,0,0,0
7/18/14,11424,Friday,7,7,2014,d_1267,,,,,0,0,0
7/19/14,11425,Saturday,1,7,2014,d_1268,,,,,0,0,0
7/20/14,11425,Sunday,2,7,2014,d_1269,,,,,0,0,0
7/21/14,11425,Monday,3,7,2014,d_1270,,,,,0,0,0
7/22/14,11425,Tuesday,4,7,2014,d_1271,,,,,0,0,0
7/23/14,11425,Wednesday,5,7,2014,d_1272,,,,,0,0,0
7/24/14,11425,Thursday,6,7,2014,d_1273,,,,,0,0,0
7/25/14,11425,Friday,7,7,2014,d_1274,,,,,0,0,0
7/26/14,11426,Saturday,1,7,2014,d_1275,,,,,0,0,0
7/27/14,11426,Sunday,2,7,2014,d_1276,,,,,0,0,0
7/28/14,11426,Monday,3,7,2014,d_1277,,,,,0,0,0
7/29/14,11426,Tuesday,4,7,2014,d_1278,Eid al-Fitr,Religious,,,0,0,0
7/30/14,11426,Wednesday,5,7,2014,d_1279,,,,,0,0,0
7/31/14,11426,Thursday,6,7,2014,d_1280,,,,,0,0,0
8/1/14,11426,Friday,7,8,2014,d_1281,,,,,1,1,0
8/2/14,11427,Saturday,1,8,2014,d_1282,,,,,1,0,1
8/3/14,11427,Sunday,2,8,2014,d_1283,,,,,1,1,1
8/4/14,11427,Monday,3,8,2014,d_1284,,,,,1,0,0
8/5/14,11427,Tuesday,4,8,2014,d_1285,,,,,1,1,1
8/6/14,11427,Wednesday,5,8,2014,d_1286,,,,,1,1,1
8/7/14,11427,Thursday,6,8,2014,d_1287,,,,,1,1,0
8/8/14,11427,Friday,7,8,2014,d_1288,,,,,1,0,1
8/9/14,11428,Saturday,1,8,2014,d_1289,,,,,1,1,1
8/10/14,11428,Sunday,2,8,2014,d_1290,,,,,1,0,0
8/11/14,11428,Monday,3,8,2014,d_1291,,,,,0,1,1
8/12/14,11428,Tuesday,4,8,2014,d_1292,,,,,0,1,1
8/13/14,11428,Wednesday,5,8,2014,d_1293,,,,,0,1,0
8/14/14,11428,Thursday,6,8,2014,d_1294,,,,,0,0,1
8/15/14,11428,Friday,7,8,2014,d_1295,,,,,0,1,1
8/16/14,11429,Saturday,1,8,2014,d_1296,,,,,0,0,0
8/17/14,11429,Sunday,2,8,2014,d_1297,,,,,0,0,0
8/18/14,11429,Monday,3,8,2014,d_1298,,,,,0,0,0
8/19/14,11429,Tuesday,4,8,2014,d_1299,,,,,0,0,0
8/20/14,11429,Wednesday,5,8,2014,d_1300,,,,,0,0,0
8/21/14,11429,Thursday,6,8,2014,d_1301,,,,,0,0,0
8/22/14,11429,Friday,7,8,2014,d_1302,,,,,0,0,0
8/23/14,11430,Saturday,1,8,2014,d_1303,,,,,0,0,0
8/24/14,11430,Sunday,2,8,2014,d_1304,,,,,0,0,0
8/25/14,11430,Monday,3,8,2014,d_1305,,,,,0,0,0
8/26/14,11430,Tuesday,4,8,2014,d_1306,,,,,0,0,0
8/27/14,11430,Wednesday,5,8,2014,d_1307,,,,,0,0,0
8/28/14,11430,Thursday,6,8,2014,d_1308,,,,,0,0,0
8/29/14,11430,Friday,7,8,2014,d_1309,,,,,0,0,0
8/30/14,11431,Saturday,1,8,2014,d_1310,,,,,0,0,0
8/31/14,11431,Sunday,2,8,2014,d_1311,,,,,0,0,0
9/1/14,11431,Monday,3,9,2014,d_1312,LaborDay,National,,,1,1,0
9/2/14,11431,Tuesday,4,9,2014,d_1313,,,,,1,0,1
9/3/14,11431,Wednesday,5,9,2014,d_1314,,,,,1,1,1
9/4/14,11431,Thursday,6,9,2014,d_1315,,,,,1,0,0
9/5/14,11431,Friday,7,9,2014,d_1316,,,,,1,1,1
9/6/14,11432,Saturday,1,9,2014,d_1317,,,,,1,1,1
9/7/14,11432,Sunday,2,9,2014,d_1318,,,,,1,1,0
9/8/14,11432,Monday,3,9,2014,d_1319,,,,,1,0,1
9/9/14,11432,Tuesday,4,9,2014,d_1320,,,,,1,1,1
9/10/14,11432,Wednesday,5,9,2014,d_1321,,,,,1,0,0
9/11/14,11432,Thursday,6,9,2014,d_1322,,,,,0,1,1
9/12/14,11432,Friday,7,9,2014,d_1323,,,,,0,1,1
9/13/14,11433,Saturday,1,9,2014,d_1324,,,,,0,1,0
9/14/14,11433,Sunday,2,9,2014,d_1325,,,,,0,0,1
9/15/14,11433,Monday,3,9,2014,d_1326,,,,,0,1,1
9/16/14,11433,Tuesday,4,9,2014,d_1327,,,,,0,0,0
9/17/14,11433,Wednesday,5,9,2014,d_1328,,,,,0,0,0
9/18/14,11433,Thursday,6,9,2014,d_1329,,,,,0,0,0
9/19/14,11433,Friday,7,9,2014,d_1330,,,,,0,0,0
9/20/14,11434,Saturday,1,9,2014,d_1331,,,,,0,0,0
9/21/14,11434,Sunday,2,9,2014,d_1332,,,,,0,0,0
9/22/14,11434,Monday,3,9,2014,d_1333,,,,,0,0,0
9/23/14,11434,Tuesday,4,9,2014,d_1334,,,,,0,0,0
9/24/14,11434,Wednesday,5,9,2014,d_1335,,,,,0,0,0
9/25/14,11434,Thursday,6,9,2014,d_1336,,,,,0,0,0
9/26/14,11434,Friday,7,9,2014,d_1337,,,,,0,0,0
9/27/14,11435,Saturday,1,9,2014,d_1338,,,,,0,0,0
9/28/14,11435,Sunday,2,9,2014,d_1339,,,,,0,0,0
9/29/14,11435,Monday,3,9,2014,d_1340,,,,,0,0,0
9/30/14,11435,Tuesday,4,9,2014,d_1341,,,,,0,0,0
10/1/14,11435,Wednesday,5,10,2014,d_1342,,,,,1,1,0
10/2/14,11435,Thursday,6,10,2014,d_1343,,,,,1,0,1
10/3/14,11435,Friday,7,10,2014,d_1344,,,,,1,1,1
10/4/14,11436,Saturday,1,10,2014,d_1345,EidAlAdha,Religious,,,1,0,0
10/5/14,11436,Sunday,2,10,2014,d_1346,,,,,1,1,1
10/6/14,11436,Monday,3,10,2014,d_1347,,,,,1,1,1
10/7/14,11436,Tuesday,4,10,2014,d_1348,,,,,1,1,0
10/8/14,11436,Wednesday,5,10,2014,d_1349,,,,,1,0,1
10/9/14,11436,Thursday,6,10,2014,d_1350,,,,,1,1,1
10/10/14,11436,Friday,7,10,2014,d_1351,,,,,1,0,0
10/11/14,11437,Saturday,1,10,2014,d_1352,,,,,0,1,1
10/12/14,11437,Sunday,2,10,2014,d_1353,,,,,0,1,1
10/13/14,11437,Monday,3,10,2014,d_1354,ColumbusDay,National,,,0,1,0
10/14/14,11437,Tuesday,4,10,2014,d_1355,,,,,0,0,1
10/15/14,11437,Wednesday,5,10,2014,d_1356,,,,,0,1,1
10/16/14,11437,Thursday,6,10,2014,d_1357,,,,,0,0,0
10/17/14,11437,Friday,7,10,2014,d_1358,,,,,0,0,0
10/18/14,11438,Saturday,1,10,2014,d_1359,,,,,0,0,0
10/19/14,11438,Sunday,2,10,2014,d_1360,,,,,0,0,0
10/20/14,11438,Monday,3,10,2014,d_1361,,,,,0,0,0
10/21/14,11438,Tuesday,4,10,2014,d_1362,,,,,0,0,0
10/22/14,11438,Wednesday,5,10,2014,d_1363,,,,,0,0,0
10/23/14,11438,Thursday,6,10,2014,d_1364,,,,,0,0,0
10/24/14,11438,Friday,7,10,2014,d_1365,,,,,0,0,0
10/25/14,11439,Saturday,1,10,2014,d_1366,,,,,0,0,0
10/26/14,11439,Sunday,2,10,2014,d_1367,,,,,0,0,0
10/27/14,11439,Monday,3,10,2014,d_1368,,,,,0,0,0
10/28/14,11439,Tuesday,4,10,2014,d_1369,,,,,0,0,0
10/29/14,11439,Wednesday,5,10,2014,d_1370,,,,,0,0,0
10/30/14,11439,Thursday,6,10,2014,d_1371,,,,,0,0,0
10/31/14,11439,Friday,7,10,2014,d_1372,Halloween,Cultural,,,0,0,0
11/1/14,11440,Saturday,1,11,2014,d_1373,,,,,1,1,0
11/2/14,11440,Sunday,2,11,2014,d_1374,,,,,1,0,1
11/3/14,11440,Monday,3,11,2014,d_1375,,,,,1,1,1
11/4/14,11440,Tuesday,4,11,2014,d_1376,,,,,1,0,0
11/5/14,11440,Wednesday,5,11,2014,d_1377,,,,,1,1,1
11/6/14,11440,Thursday,6,11,2014,d_1378,,,,,1,1,1
11/7/14,11440,Friday,7,11,2014,d_1379,,,,,1,1,0
11/8/14,11441,Saturday,1,11,2014,d_1380,,,,,1,0,1
11/9/14,11441,Sunday,2,11,2014,d_1381,,,,,1,1,1
11/10/14,11441,Monday,3,11,2014,d_1382,,,,,1,0,0
11/11/14,11441,Tuesday,4,11,2014,d_1383,VeteransDay,National,,,0,1,1
11/12/14,11441,Wednesday,5,11,2014,d_1384,,,,,0,1,1
11/13/14,11441,Thursday,6,11,2014,d_1385,,,,,0,1,0
11/14/14,11441,Friday,7,11,2014,d_1386,,,,,0,0,1
11/15/14,11442,Saturday,1,11,2014,d_1387,,,,,0,1,1
11/16/14,11442,Sunday,2,11,2014,d_1388,,,,,0,0,0
11/17/14,11442,Monday,3,11,2014,d_1389,,,,,0,0,0
11/18/14,11442,Tuesday,4,11,2014,d_1390,,,,,0,0,0
11/19/14,11442,Wednesday,5,11,2014,d_1391,,,,,0,0,0
11/20/14,11442,Thursday,6,11,2014,d_1392,,,,,0,0,0
11/21/14,11442,Friday,7,11,2014,d_1393,,,,,0,0,0
11/22/14,11443,Saturday,1,11,2014,d_1394,,,,,0,0,0
11/23/14,11443,Sunday,2,11,2014,d_1395,,,,,0,0,0
11/24/14,11443,Monday,3,11,2014,d_1396,,,,,0,0,0
11/25/14,11443,Tuesday,4,11,2014,d_1397,,,,,0,0,0
11/26/14,11443,Wednesday,5,11,2014,d_1398,,,,,0,0,0
11/27/14,11443,Thursday,6,11,2014,d_1399,Thanksgiving,National,,,0,0,0
11/28/14,11443,Friday,7,11,2014,d_1400,,,,,0,0,0
11/29/14,11444,Saturday,1,11,2014,d_1401,,,,,0,0,0
11/30/14,11444,Sunday,2,11,2014,d_1402,,,,,0,0,0
12/1/14,11444,Monday,3,12,2014,d_1403,,,,,1,1,0
12/2/14,11444,Tuesday,4,12,2014,d_1404,,,,,1,0,1
12/3/14,11444,Wednesday,5,12,2014,d_1405,,,,,1,1,1
12/4/14,11444,Thursday,6,12,2014,d_1406,,,,,1,0,0
12/5/14,11444,Friday,7,12,2014,d_1407,,,,,1,1,1
12/6/14,11445,Saturday,1,12,2014,d_1408,,,,,1,1,1
12/7/14,11445,Sunday,2,12,2014,d_1409,,,,,1,1,0
12/8/14,11445,Monday,3,12,2014,d_1410,,,,,1,0,1
12/9/14,11445,Tuesday,4,12,2014,d_1411,,,,,1,1,1
12/10/14,11445,Wednesday,5,12,2014,d_1412,,,,,1,0,0
12/11/14,11445,Thursday,6,12,2014,d_1413,,,,,0,1,1
12/12/14,11445,Friday,7,12,2014,d_1414,,,,,0,1,1
12/13/14,11446,Saturday,1,12,2014,d_1415,,,,,0,1,0
12/14/14,11446,Sunday,2,12,2014,d_1416,,,,,0,0,1
12/15/14,11446,Monday,3,12,2014,d_1417,,,,,0,1,1
12/16/14,11446,Tuesday,4,12,2014,d_1418,,,,,0,0,0
12/17/14,11446,Wednesday,5,12,2014,d_1419,,,,,0,0,0
12/18/14,11446,Thursday,6,12,2014,d_1420,,,,,0,0,0
12/19/14,11446,Friday,7,12,2014,d_1421,,,,,0,0,0
12/20/14,11447,Saturday,1,12,2014,d_1422,,,,,0,0,0
12/21/14,11447,Sunday,2,12,2014,d_1423,,,,,0,0,0
12/22/14,11447,Monday,3,12,2014,d_1424,,,,,0,0,0
12/23/14,11447,Tuesday,4,12,2014,d_1425,,,,,0,0,0
12/24/14,11447,Wednesday,5,12,2014,d_1426,Chanukah End,Religious,,,0,0,0
12/25/14,11447,Thursday,6,12,2014,d_1427,Christmas,National,,,0,0,0
12/26/14,11447,Friday,7,12,2014,d_1428,,,,,0,0,0
12/27/14,11448,Saturday,1,12,2014,d_1429,,,,,0,0,0
12/28/14,11448,Sunday,2,12,2014,d_1430,,,,,0,0,0
12/29/14,11448,Monday,3,12,2014,d_1431,,,,,0,0,0
12/30/14,11448,Tuesday,4,12,2014,d_1432,,,,,0,0,0
12/31/14,11448,Wednesday,5,12,2014,d_1433,,,,,0,0,0
1/1/15,11448,Thursday,6,1,2015,d_1434,NewYear,National,,,1,1,0
1/2/15,11448,Friday,7,1,2015,d_1435,,,,,1,0,1
1/3/15,11449,Saturday,1,1,2015,d_1436,,,,,1,1,1
1/4/15,11449,Sunday,2,1,2015,d_1437,,,,,1,0,0
1/5/15,11449,Monday,3,1,2015,d_1438,,,,,1,1,1
1/6/15,11449,Tuesday,4,1,2015,d_1439,,,,,1,1,1
1/7/15,11449,Wednesday,5,1,2015,d_1440,OrthodoxChristmas,Religious,,,1,1,0
1/8/15,11449,Thursday,6,1,2015,d_1441,,,,,1,0,1
1/9/15,11449,Friday,7,1,2015,d_1442,,,,,1,1,1
1/10/15,11450,Saturday,1,1,2015,d_1443,,,,,1,0,0
1/11/15,11450,Sunday,2,1,2015,d_1444,,,,,0,1,1
1/12/15,11450,Monday,3,1,2015,d_1445,,,,,0,1,1
1/13/15,11450,Tuesday,4,1,2015,d_1446,,,,,0,1,0
1/14/15,11450,Wednesday,5,1,2015,d_1447,,,,,0,0,1
1/15/15,11450,Thursday,6,1,2015,d_1448,,,,,0,1,1
1/16/15,11450,Friday,7,1,2015,d_1449,,,,,0,0,0
1/17/15,11451,Saturday,1,1,2015,d_1450,,,,,0,0,0
1/18/15,11451,Sunday,2,1,2015,d_1451,,,,,0,0,0
1/19/15,11451,Monday,3,1,2015,d_1452,MartinLutherKingDay,National,,,0,0,0
1/20/15,11451,Tuesday,4,1,2015,d_1453,,,,,0,0,0
1/21/15,11451,Wednesday,5,1,2015,d_1454,,,,,0,0,0
1/22/15,11451,Thursday,6,1,2015,d_1455,,,,,0,0,0
1/23/15,11451,Friday,7,1,2015,d_1456,,,,,0,0,0
1/24/15,11452,Saturday,1,1,2015,d_1457,,,,,0,0,0
1/25/15,11452,Sunday,2,1,2015,d_1458,,,,,0,0,0
1/26/15,11452,Monday,3,1,2015,d_1459,,,,,0,0,0
1/27/15,11452,Tuesday,4,1,2015,d_1460,,,,,0,0,0
1/28/15,11452,Wednesday,5,1,2015,d_1461,,,,,0,0,0
1/29/15,11452,Thursday,6,1,2015,d_1462,,,,,0,0,0
1/30/15,11452,Friday,7,1,2015,d_1463,,,,,0,0,0
1/31/15,11501,Saturday,1,1,2015,d_1464,,,,,0,0,0
2/1/15,11501,Sunday,2,2,2015,d_1465,SuperBowl,Sporting,,,1,1,0
2/2/15,11501,Monday,3,2,2015,d_1466,,,,,1,0,1
2/3/15,11501,Tuesday,4,2,2015,d_1467,,,,,1,1,1
2/4/15,11501,Wednesday,5,2,2015,d_1468,,,,,1,0,0
2/5/15,11501,Thursday,6,2,2015,d_1469,,,,,1,1,1
2/6/15,11501,Friday,7,2,2015,d_1470,,,,,1,1,1
2/7/15,11502,Saturday,1,2,2015,d_1471,,,,,1,1,0
2/8/15,11502,Sunday,2,2,2015,d_1472,,,,,1,0,1
2/9/15,11502,Monday,3,2,2015,d_1473,,,,,1,1,1
2/10/15,11502,Tuesday,4,2,2015,d_1474,,,,,1,0,0
2/11/15,11502,Wednesday,5,2,2015,d_1475,,,,,0,1,1
2/12/15,11502,Thursday,6,2,2015,d_1476,,,,,0,1,1
2/13/15,11502,Friday,7,2,2015,d_1477,,,,,0,1,0
2/14/15,11503,Saturday,1,2,2015,d_1478,ValentinesDay,Cultural,,,0,0,1
2/15/15,11503,Sunday,2,2,2015,d_1479,,,,,0,1,1
2/16/15,11503,Monday,3,2,2015,d_1480,PresidentsDay,National,,,0,0,0
2/17/15,11503,Tuesday,4,2,2015,d_1481,,,,,0,0,0
2/18/15,11503,Wednesday,5,2,2015,d_1482,LentStart,Religious,,,0,0,0
2/19/15,11503,Thursday,6,2,2015,d_1483,,,,,0,0,0
2/20/15,11503,Friday,7,2,2015,d_1484,,,,,0,0,0
2/21/15,11504,Saturday,1,2,2015,d_1485,,,,,0,0,0
2/22/15,11504,Sunday,2,2,2015,d_1486,,,,,0,0,0
2/23/15,11504,Monday,3,2,2015,d_1487,,,,,0,0,0
2/24/15,11504,Tuesday,4,2,2015,d_1488,,,,,0,0,0
2/25/15,11504,Wednesday,5,2,2015,d_1489,LentWeek2,Religious,,,0,0,0
2/26/15,11504,Thursday,6,2,2015,d_1490,,,,,0,0,0
2/27/15,11504,Friday,7,2,2015,d_1491,,,,,0,0,0
2/28/15,11505,Saturday,1,2,2015,d_1492,,,,,0,0,0
3/1/15,11505,Sunday,2,3,2015,d_1493,,,,,1,1,0
3/2/15,11505,Monday,3,3,2015,d_1494,,,,,1,0,1
3/3/15,11505,Tuesday,4,3,2015,d_1495,,,,,1,1,1
3/4/15,11505,Wednesday,5,3,2015,d_1496,,,,,1,0,0
3/5/15,11505,Thursday,6,3,2015,d_1497,Purim End,Religious,,,1,1,1
3/6/15,11505,Friday,7,3,2015,d_1498,,,,,1,1,1
3/7/15,11506,Saturday,1,3,2015,d_1499,,,,,1,1,0
3/8/15,11506,Sunday,2,3,2015,d_1500,,,,,1,0,1
3/9/15,11506,Monday,3,3,2015,d_1501,,,,,1,1,1
3/10/15,11506,Tuesday,4,3,2015,d_1502,,,,,1,0,0
3/11/15,11506,Wednesday,5,3,2015,d_1503,,,,,0,1,1
3/12/15,11506,Thursday,6,3,2015,d_1504,,,,,0,1,1
3/13/15,11506,Friday,7,3,2015,d_1505,,,,,0,1,0
3/14/15,11507,Saturday,1,3,2015,d_1506,,,,,0,0,1
3/15/15,11507,Sunday,2,3,2015,d_1507,,,,,0,1,1
3/16/15,11507,Monday,3,3,2015,d_1508,,,,,0,0,0
3/17/15,11507,Tuesday,4,3,2015,d_1509,StPatricksDay,Cultural,,,0,0,0
3/18/15,11507,Wednesday,5,3,2015,d_1510,,,,,0,0,0
3/19/15,11507,Thursday,6,3,2015,d_1511,,,,,0,0,0
3/20/15,11507,Friday,7,3,2015,d_1512,,,,,0,0,0
3/21/15,11508,Saturday,1,3,2015,d_1513,,,,,0,0,0
3/22/15,11508,Sunday,2,3,2015,d_1514,,,,,0,0,0
3/23/15,11508,Monday,3,3,2015,d_1515,,,,,0,0,0
3/24/15,11508,Tuesday,4,3,2015,d_1516,,,,,0,0,0
3/25/15,11508,Wednesday,5,3,2015,d_1517,,,,,0,0,0
3/26/15,11508,Thursday,6,3,2015,d_1518,,,,,0,0,0
3/27/15,11508,Friday,7,3,2015,d_1519,,,,,0,0,0
3/28/15,11509,Saturday,1,3,2015,d_1520,,,,,0,0,0
3/29/15,11509,Sunday,2,3,2015,d_1521,,,,,0,0,0
3/30/15,11509,Monday,3,3,2015,d_1522,,,,,0,0,0
3/31/15,11509,Tuesday,4,3,2015,d_1523,,,,,0,0,0
4/1/15,11509,Wednesday,5,4,2015,d_1524,,,,,1,1,0
4/2/15,11509,Thursday,6,4,2015,d_1525,,,,,1,0,1
4/3/15,11509,Friday,7,4,2015,d_1526,,,,,1,1,1
4/4/15,11510,Saturday,1,4,2015,d_1527,,,,,1,0,0
4/5/15,11510,Sunday,2,4,2015,d_1528,Easter,Cultural,,,1,1,1
4/6/15,11510,Monday,3,4,2015,d_1529,,,,,1,1,1
4/7/15,11510,Tuesday,4,4,2015,d_1530,,,,,1,1,0
4/8/15,11510,Wednesday,5,4,2015,d_1531,,,,,1,0,1
4/9/15,11510,Thursday,6,4,2015,d_1532,,,,,1,1,1
4/10/15,11510,Friday,7,4,2015,d_1533,,,,,1,0,0
4/11/15,11511,Saturday,1,4,2015,d_1534,Pesach End,Religious,,,0,1,1
4/12/15,11511,Sunday,2,4,2015,d_1535,OrthodoxEaster,Religious,,,0,1,1
4/13/15,11511,Monday,3,4,2015,d_1536,,,,,0,1,0
4/14/15,11511,Tuesday,4,4,2015,d_1537,,,,,0,0,1
4/15/15,11511,Wednesday,5,4,2015,d_1538,,,,,0,1,1
4/16/15,11511,Thursday,6,4,2015,d_1539,,,,,0,0,0
4/17/15,11511,Friday,7,4,2015,d_1540,,,,,0,0,0
4/18/15,11512,Saturday,1,4,2015,d_1541,,,,,0,0,0
4/19/15,11512,Sunday,2,4,2015,d_1542,,,,,0,0,0
4/20/15,11512,Monday,3,4,2015,d_1543,,,,,0,0,0
4/21/15,11512,Tuesday,4,4,2015,d_1544,,,,,0,0,0
4/22/15,11512,Wednesday,5,4,2015,d_1545,,,,,0,0,0
4/23/15,11512,Thursday,6,4,2015,d_1546,,,,,0,0,0
4/24/15,11512,Friday,7,4,2015,d_1547,,,,,0,0,0
4/25/15,11513,Saturday,1,4,2015,d_1548,,,,,0,0,0
4/26/15,11513,Sunday,2,4,2015,d_1549,,,,,0,0,0
4/27/15,11513,Monday,3,4,2015,d_1550,,,,,0,0,0
4/28/15,11513,Tuesday,4,4,2015,d_1551,,,,,0,0,0
4/29/15,11513,Wednesday,5,4,2015,d_1552,,,,,0,0,0
4/30/15,11513,Thursday,6,4,2015,d_1553,,,,,0,0,0
5/1/15,11513,Friday,7,5,2015,d_1554,,,,,1,1,0
5/2/15,11514,Saturday,1,5,2015,d_1555,,,,,1,0,1
5/3/15,11514,Sunday,2,5,2015,d_1556,,,,,1,1,1
5/4/15,11514,Monday,3,5,2015,d_1557,,,,,1,0,0
5/5/15,11514,Tuesday,4,5,2015,d_1558,Cinco De Mayo,Cultural,,,1,1,1
5/6/15,11514,Wednesday,5,5,2015,d_1559,,,,,1,1,1
5/7/15,11514,Thursday,6,5,2015,d_1560,,,,,1,1,0
5/8/15,11514,Friday,7,5,2015,d_1561,,,,,1,0,1
5/9/15,11515,Saturday,1,5,2015,d_1562,,,,,1,1,1
5/10/15,11515,Sunday,2,5,2015,d_1563,Mother's day,Cultural,,,1,0,0
5/11/15,11515,Monday,3,5,2015,d_1564,,,,,0,1,1
5/12/15,11515,Tuesday,4,5,2015,d_1565,,,,,0,1,1
5/13/15,11515,Wednesday,5,5,2015,d_1566,,,,,0,1,0
5/14/15,11515,Thursday,6,5,2015,d_1567,,,,,0,0,1
5/15/15,11515,Friday,7,5,2015,d_1568,,,,,0,1,1
5/16/15,11516,Saturday,1,5,2015,d_1569,,,,,0,0,0
5/17/15,11516,Sunday,2,5,2015,d_1570,,,,,0,0,0
5/18/15,11516,Monday,3,5,2015,d_1571,,,,,0,0,0
5/19/15,11516,Tuesday,4,5,2015,d_1572,,,,,0,0,0
5/20/15,11516,Wednesday,5,5,2015,d_1573,,,,,0,0,0
5/21/15,11516,Thursday,6,5,2015,d_1574,,,,,0,0,0
5/22/15,11516,Friday,7,5,2015,d_1575,,,,,0,0,0
5/23/15,11517,Saturday,1,5,2015,d_1576,,,,,0,0,0
5/24/15,11517,Sunday,2,5,2015,d_1577,,,,,0,0,0
5/25/15,11517,Monday,3,5,2015,d_1578,MemorialDay,National,,,0,0,0
5/26/15,11517,Tuesday,4,5,2015,d_1579,,,,,0,0,0
5/27/15,11517,Wednesday,5,5,2015,d_1580,,,,,0,0,0
5/28/15,11517,Thursday,6,5,2015,d_1581,,,,,0,0,0
5/29/15,11517,Friday,7,5,2015,d_1582,,,,,0,0,0
5/30/15,11518,Saturday,1,5,2015,d_1583,,,,,0,0,0
5/31/15,11518,Sunday,2,5,2015,d_1584,,,,,0,0,0
6/1/15,11518,Monday,3,6,2015,d_1585,,,,,1,1,0
6/2/15,11518,Tuesday,4,6,2015,d_1586,,,,,1,0,1
6/3/15,11518,Wednesday,5,6,2015,d_1587,,,,,1,1,1
6/4/15,11518,Thursday,6,6,2015,d_1588,NBAFinalsStart,Sporting,,,1,0,0
6/5/15,11518,Friday,7,6,2015,d_1589,,,,,1,1,1
6/6/15,11519,Saturday,1,6,2015,d_1590,,,,,1,1,1
6/7/15,11519,Sunday,2,6,2015,d_1591,,,,,1,1,0
6/8/15,11519,Monday,3,6,2015,d_1592,,,,,1,0,1
6/9/15,11519,Tuesday,4,6,2015,d_1593,,,,,1,1,1
6/10/15,11519,Wednesday,5,6,2015,d_1594,,,,,1,0,0
6/11/15,11519,Thursday,6,6,2015,d_1595,,,,,0,1,1
6/12/15,11519,Friday,7,6,2015,d_1596,,,,,0,1,1
6/13/15,11520,Saturday,1,6,2015,d_1597,,,,,0,1,0
6/14/15,11520,Sunday,2,6,2015,d_1598,,,,,0,0,1
6/15/15,11520,Monday,3,6,2015,d_1599,,,,,0,1,1
6/16/15,11520,Tuesday,4,6,2015,d_1600,NBAFinalsEnd,Sporting,,,0,0,0
6/17/15,11520,Wednesday,5,6,2015,d_1601,,,,,0,0,0
6/18/15,11520,Thursday,6,6,2015,d_1602,Ramadan starts,Religious,,,0,0,0
6/19/15,11520,Friday,7,6,2015,d_1603,,,,,0,0,0
6/20/15,11521,Saturday,1,6,2015,d_1604,,,,,0,0,0
6/21/15,11521,Sunday,2,6,2015,d_1605,Father's day,Cultural,,,0,0,0
6/22/15,11521,Monday,3,6,2015,d_1606,,,,,0,0,0
6/23/15,11521,Tuesday,4,6,2015,d_1607,,,,,0,0,0
6/24/15,11521,Wednesday,5,6,2015,d_1608,,,,,0,0,0
6/25/15,11521,Thursday,6,6,2015,d_1609,,,,,0,0,0
6/26/15,11521,Friday,7,6,2015,d_1610,,,,,0,0,0
6/27/15,11522,Saturday,1,6,2015,d_1611,,,,,0,0,0
6/28/15,11522,Sunday,2,6,2015,d_1612,,,,,0,0,0
6/29/15,11522,Monday,3,6,2015,d_1613,,,,,0,0,0
6/30/15,11522,Tuesday,4,6,2015,d_1614,,,,,0,0,0
7/1/15,11522,Wednesday,5,7,2015,d_1615,,,,,1,1,0
7/2/15,11522,Thursday,6,7,2015,d_1616,,,,,1,0,1
7/3/15,11522,Friday,7,7,2015,d_1617,,,,,1,1,1
7/4/15,11523,Saturday,1,7,2015,d_1618,IndependenceDay,National,,,1,0,0
7/5/15,11523,Sunday,2,7,2015,d_1619,,,,,1,1,1
7/6/15,11523,Monday,3,7,2015,d_1620,,,,,1,1,1
7/7/15,11523,Tuesday,4,7,2015,d_1621,,,,,1,1,0
7/8/15,11523,Wednesday,5,7,2015,d_1622,,,,,1,0,1
7/9/15,11523,Thursday,6,7,2015,d_1623,,,,,1,1,1
7/10/15,11523,Friday,7,7,2015,d_1624,,,,,1,0,0
7/11/15,11524,Saturday,1,7,2015,d_1625,,,,,0,1,1
7/12/15,11524,Sunday,2,7,2015,d_1626,,,,,0,1,1
7/13/15,11524,Monday,3,7,2015,d_1627,,,,,0,1,0
7/14/15,11524,Tuesday,4,7,2015,d_1628,,,,,0,0,1
7/15/15,11524,Wednesday,5,7,2015,d_1629,,,,,0,1,1
7/16/15,11524,Thursday,6,7,2015,d_1630,,,,,0,0,0
7/17/15,11524,Friday,7,7,2015,d_1631,,,,,0,0,0
7/18/15,11525,Saturday,1,7,2015,d_1632,Eid al-Fitr,Religious,,,0,0,0
7/19/15,11525,Sunday,2,7,2015,d_1633,,,,,0,0,0
7/20/15,11525,Monday,3,7,2015,d_1634,,,,,0,0,0
7/21/15,11525,Tuesday,4,7,2015,d_1635,,,,,0,0,0
7/22/15,11525,Wednesday,5,7,2015,d_1636,,,,,0,0,0
7/23/15,11525,Thursday,6,7,2015,d_1637,,,,,0,0,0
7/24/15,11525,Friday,7,7,2015,d_1638,,,,,0,0,0
7/25/15,11526,Saturday,1,7,2015,d_1639,,,,,0,0,0
7/26/15,11526,Sunday,2,7,2015,d_1640,,,,,0,0,0
7/27/15,11526,Monday,3,7,2015,d_1641,,,,,0,0,0
7/28/15,11526,Tuesday,4,7,2015,d_1642,,,,,0,0,0
7/29/15,11526,Wednesday,5,7,2015,d_1643,,,,,0,0,0
7/30/15,11526,Thursday,6,7,2015,d_1644,,,,,0,0,0
7/31/15,11526,Friday,7,7,2015,d_1645,,,,,0,0,0
8/1/15,11527,Saturday,1,8,2015,d_1646,,,,,1,1,0
8/2/15,11527,Sunday,2,8,2015,d_1647,,,,,1,0,1
8/3/15,11527,Monday,3,8,2015,d_1648,,,,,1,1,1
8/4/15,11527,Tuesday,4,8,2015,d_1649,,,,,1,0,0
8/5/15,11527,Wednesday,5,8,2015,d_1650,,,,,1,1,1
8/6/15,11527,Thursday,6,8,2015,d_1651,,,,,1,1,1
8/7/15,11527,Friday,7,8,2015,d_1652,,,,,1,1,0
8/8/15,11528,Saturday,1,8,2015,d_1653,,,,,1,0,1
8/9/15,11528,Sunday,2,8,2015,d_1654,,,,,1,1,1
8/10/15,11528,Monday,3,8,2015,d_1655,,,,,1,0,0
8/11/15,11528,Tuesday,4,8,2015,d_1656,,,,,0,1,1
8/12/15,11528,Wednesday,5,8,2015,d_1657,,,,,0,1,1
8/13/15,11528,Thursday,6,8,2015,d_1658,,,,,0,1,0
8/14/15,11528,Friday,7,8,2015,d_1659,,,,,0,0,1
8/15/15,11529,Saturday,1,8,2015,d_1660,,,,,0,1,1
8/16/15,11529,Sunday,2,8,2015,d_1661,,,,,0,0,0
8/17/15,11529,Monday,3,8,2015,d_1662,,,,,0,0,0
8/18/15,11529,Tuesday,4,8,2015,d_1663,,,,,0,0,0
8/19/15,11529,Wednesday,5,8,2015,d_1664,,,,,0,0,0
8/20/15,11529,Thursday,6,8,2015,d_1665,,,,,0,0,0
8/21/15,11529,Friday,7,8,2015,d_1666,,,,,0,0,0
8/22/15,11530,Saturday,1,8,2015,d_1667,,,,,0,0,0
8/23/15,11530,Sunday,2,8,2015,d_1668,,,,,0,0,0
8/24/15,11530,Monday,3,8,2015,d_1669,,,,,0,0,0
8/25/15,11530,Tuesday,4,8,2015,d_1670,,,,,0,0,0
8/26/15,11530,Wednesday,5,8,2015,d_1671,,,,,0,0,0
8/27/15,11530,Thursday,6,8,2015,d_1672,,,,,0,0,0
8/28/15,11530,Friday,7,8,2015,d_1673,,,,,0,0,0
8/29/15,11531,Saturday,1,8,2015,d_1674,,,,,0,0,0
8/30/15,11531,Sunday,2,8,2015,d_1675,,,,,0,0,0
8/31/15,11531,Monday,3,8,2015,d_1676,,,,,0,0,0
9/1/15,11531,Tuesday,4,9,2015,d_1677,,,,,1,1,0
9/2/15,11531,Wednesday,5,9,2015,d_1678,,,,,1,0,1
9/3/15,11531,Thursday,6,9,2015,d_1679,,,,,1,1,1
9/4/15,11531,Friday,7,9,2015,d_1680,,,,,1,0,0
9/5/15,11532,Saturday,1,9,2015,d_1681,,,,,1,1,1
9/6/15,11532,Sunday,2,9,2015,d_1682,,,,,1,1,1
9/7/15,11532,Monday,3,9,2015,d_1683,LaborDay,National,,,1,1,0
9/8/15,11532,Tuesday,4,9,2015,d_1684,,,,,1,0,1
9/9/15,11532,Wednesday,5,9,2015,d_1685,,,,,1,1,1
9/10/15,11532,Thursday,6,9,2015,d_1686,,,,,1,0,0
9/11/15,11532,Friday,7,9,2015,d_1687,,,,,0,1,1
9/12/15,11533,Saturday,1,9,2015,d_1688,,,,,0,1,1
9/13/15,11533,Sunday,2,9,2015,d_1689,,,,,0,1,0
9/14/15,11533,Monday,3,9,2015,d_1690,,,,,0,0,1
9/15/15,11533,Tuesday,4,9,2015,d_1691,,,,,0,1,1
9/16/15,11533,Wednesday,5,9,2015,d_1692,,,,,0,0,0
9/17/15,11533,Thursday,6,9,2015,d_1693,,,,,0,0,0
9/18/15,11533,Friday,7,9,2015,d_1694,,,,,0,0,0
9/19/15,11534,Saturday,1,9,2015,d_1695,,,,,0,0,0
9/20/15,11534,Sunday,2,9,2015,d_1696,,,,,0,0,0
9/21/15,11534,Monday,3,9,2015,d_1697,,,,,0,0,0
9/22/15,11534,Tuesday,4,9,2015,d_1698,,,,,0,0,0
9/23/15,11534,Wednesday,5,9,2015,d_1699,,,,,0,0,0
9/24/15,11534,Thursday,6,9,2015,d_1700,EidAlAdha,Religious,,,0,0,0
9/25/15,11534,Friday,7,9,2015,d_1701,,,,,0,0,0
9/26/15,11535,Saturday,1,9,2015,d_1702,,,,,0,0,0
9/27/15,11535,Sunday,2,9,2015,d_1703,,,,,0,0,0
9/28/15,11535,Monday,3,9,2015,d_1704,,,,,0,0,0
9/29/15,11535,Tuesday,4,9,2015,d_1705,,,,,0,0,0
9/30/15,11535,Wednesday,5,9,2015,d_1706,,,,,0,0,0
10/1/15,11535,Thursday,6,10,2015,d_1707,,,,,1,1,0
10/2/15,11535,Friday,7,10,2015,d_1708,,,,,1,0,1
10/3/15,11536,Saturday,1,10,2015,d_1709,,,,,1,1,1
10/4/15,11536,Sunday,2,10,2015,d_1710,,,,,1,0,0
10/5/15,11536,Monday,3,10,2015,d_1711,,,,,1,1,1
10/6/15,11536,Tuesday,4,10,2015,d_1712,,,,,1,1,1
10/7/15,11536,Wednesday,5,10,2015,d_1713,,,,,1,1,0
10/8/15,11536,Thursday,6,10,2015,d_1714,,,,,1,0,1
10/9/15,11536,Friday,7,10,2015,d_1715,,,,,1,1,1
10/10/15,11537,Saturday,1,10,2015,d_1716,,,,,1,0,0
10/11/15,11537,Sunday,2,10,2015,d_1717,,,,,0,1,1
10/12/15,11537,Monday,3,10,2015,d_1718,ColumbusDay,National,,,0,1,1
10/13/15,11537,Tuesday,4,10,2015,d_1719,,,,,0,1,0
10/14/15,11537,Wednesday,5,10,2015,d_1720,,,,,0,0,1
10/15/15,11537,Thursday,6,10,2015,d_1721,,,,,0,1,1
10/16/15,11537,Friday,7,10,2015,d_1722,,,,,0,0,0
10/17/15,11538,Saturday,1,10,2015,d_1723,,,,,0,0,0
10/18/15,11538,Sunday,2,10,2015,d_1724,,,,,0,0,0
10/19/15,11538,Monday,3,10,2015,d_1725,,,,,0,0,0
10/20/15,11538,Tuesday,4,10,2015,d_1726,,,,,0,0,0
10/21/15,11538,Wednesday,5,10,2015,d_1727,,,,,0,0,0
10/22/15,11538,Thursday,6,10,2015,d_1728,,,,,0,0,0
10/23/15,11538,Friday,7,10,2015,d_1729,,,,,0,0,0
10/24/15,11539,Saturday,1,10,2015,d_1730,,,,,0,0,0
10/25/15,11539,Sunday,2,10,2015,d_1731,,,,,0,0,0
10/26/15,11539,Monday,3,10,2015,d_1732,,,,,0,0,0
10/27/15,11539,Tuesday,4,10,2015,d_1733,,,,,0,0,0
10/28/15,11539,Wednesday,5,10,2015,d_1734,,,,,0,0,0
10/29/15,11539,Thursday,6,10,2015,d_1735,,,,,0,0,0
10/30/15,11539,Friday,7,10,2015,d_1736,,,,,0,0,0
10/31/15,11540,Saturday,1,10,2015,d_1737,Halloween,Cultural,,,0,0,0
11/1/15,11540,Sunday,2,11,2015,d_1738,,,,,1,1,0
11/2/15,11540,Monday,3,11,2015,d_1739,,,,,1,0,1
11/3/15,11540,Tuesday,4,11,2015,d_1740,,,,,1,1,1
11/4/15,11540,Wednesday,5,11,2015,d_1741,,,,,1,0,0
11/5/15,11540,Thursday,6,11,2015,d_1742,,,,,1,1,1
11/6/15,11540,Friday,7,11,2015,d_1743,,,,,1,1,1
11/7/15,11541,Saturday,1,11,2015,d_1744,,,,,1,1,0
11/8/15,11541,Sunday,2,11,2015,d_1745,,,,,1,0,1
11/9/15,11541,Monday,3,11,2015,d_1746,,,,,1,1,1
11/10/15,11541,Tuesday,4,11,2015,d_1747,,,,,1,0,0
11/11/15,11541,Wednesday,5,11,2015,d_1748,VeteransDay,National,,,0,1,1
11/12/15,11541,Thursday,6,11,2015,d_1749,,,,,0,1,1
11/13/15,11541,Friday,7,11,2015,d_1750,,,,,0,1,0
11/14/15,11542,Saturday,1,11,2015,d_1751,,,,,0,0,1
11/15/15,11542,Sunday,2,11,2015,d_1752,,,,,0,1,1
11/16/15,11542,Monday,3,11,2015,d_1753,,,,,0,0,0
11/17/15,11542,Tuesday,4,11,2015,d_1754,,,,,0,0,0
11/18/15,11542,Wednesday,5,11,2015,d_1755,,,,,0,0,0
11/19/15,11542,Thursday,6,11,2015,d_1756,,,,,0,0,0
11/20/15,11542,Friday,7,11,2015,d_1757,,,,,0,0,0
11/21/15,11543,Saturday,1,11,2015,d_1758,,,,,0,0,0
11/22/15,11543,Sunday,2,11,2015,d_1759,,,,,0,0,0
11/23/15,11543,Monday,3,11,2015,d_1760,,,,,0,0,0
11/24/15,11543,Tuesday,4,11,2015,d_1761,,,,,0,0,0
11/25/15,11543,Wednesday,5,11,2015,d_1762,,,,,0,0,0
11/26/15,11543,Thursday,6,11,2015,d_1763,Thanksgiving,National,,,0,0,0
11/27/15,11543,Friday,7,11,2015,d_1764,,,,,0,0,0
11/28/15,11544,Saturday,1,11,2015,d_1765,,,,,0,0,0
11/29/15,11544,Sunday,2,11,2015,d_1766,,,,,0,0,0
11/30/15,11544,Monday,3,11,2015,d_1767,,,,,0,0,0
12/1/15,11544,Tuesday,4,12,2015,d_1768,,,,,1,1,0
12/2/15,11544,Wednesday,5,12,2015,d_1769,,,,,1,0,1
12/3/15,11544,Thursday,6,12,2015,d_1770,,,,,1,1,1
12/4/15,11544,Friday,7,12,2015,d_1771,,,,,1,0,0
12/5/15,11545,Saturday,1,12,2015,d_1772,,,,,1,1,1
12/6/15,11545,Sunday,2,12,2015,d_1773,,,,,1,1,1
12/7/15,11545,Monday,3,12,2015,d_1774,,,,,1,1,0
12/8/15,11545,Tuesday,4,12,2015,d_1775,,,,,1,0,1
12/9/15,11545,Wednesday,5,12,2015,d_1776,,,,,1,1,1
12/10/15,11545,Thursday,6,12,2015,d_1777,,,,,1,0,0
12/11/15,11545,Friday,7,12,2015,d_1778,,,,,0,1,1
12/12/15,11546,Saturday,1,12,2015,d_1779,,,,,0,1,1
12/13/15,11546,Sunday,2,12,2015,d_1780,,,,,0,1,0
12/14/15,11546,Monday,3,12,2015,d_1781,Chanukah End,Religious,,,0,0,1
12/15/15,11546,Tuesday,4,12,2015,d_1782,,,,,0,1,1
12/16/15,11546,Wednesday,5,12,2015,d_1783,,,,,0,0,0
12/17/15,11546,Thursday,6,12,2015,d_1784,,,,,0,0,0
12/18/15,11546,Friday,7,12,2015,d_1785,,,,,0,0,0
12/19/15,11547,Saturday,1,12,2015,d_1786,,,,,0,0,0
12/20/15,11547,Sunday,2,12,2015,d_1787,,,,,0,0,0
12/21/15,11547,Monday,3,12,2015,d_1788,,,,,0,0,0
12/22/15,11547,Tuesday,4,12,2015,d_1789,,,,,0,0,0
12/23/15,11547,Wednesday,5,12,2015,d_1790,,,,,0,0,0
12/24/15,11547,Thursday,6,12,2015,d_1791,,,,,0,0,0
12/25/15,11547,Friday,7,12,2015,d_1792,Christmas,National,,,0,0,0
12/26/15,11548,Saturday,1,12,2015,d_1793,,,,,0,0,0
12/27/15,11548,Sunday,2,12,2015,d_1794,,,,,0,0,0
12/28/15,11548,Monday,3,12,2015,d_1795,,,,,0,0,0
12/29/15,11548,Tuesday,4,12,2015,d_1796,,,,,0,0,0
12/30/15,11548,Wednesday,5,12,2015,d_1797,,,,,0,0,0
12/31/15,11548,Thursday,6,12,2015,d_1798,,,,,0,0,0
1/1/16,11548,Friday,7,1,2016,d_1799,NewYear,National,,,1,1,0
1/2/16,11549,Saturday,1,1,2016,d_1800,,,,,1,0,1
1/3/16,11549,Sunday,2,1,2016,d_1801,,,,,1,1,1
1/4/16,11549,Monday,3,1,2016,d_1802,,,,,1,0,0
1/5/16,11549,Tuesday,4,1,2016,d_1803,,,,,1,1,1
1/6/16,11549,Wednesday,5,1,2016,d_1804,,,,,1,1,1
1/7/16,11549,Thursday,6,1,2016,d_1805,OrthodoxChristmas,Religious,,,1,1,0
1/8/16,11549,Friday,7,1,2016,d_1806,,,,,1,0,1
1/9/16,11550,Saturday,1,1,2016,d_1807,,,,,1,1,1
1/10/16,11550,Sunday,2,1,2016,d_1808,,,,,1,0,0
1/11/16,11550,Monday,3,1,2016,d_1809,,,,,0,1,1
1/12/16,11550,Tuesday,4,1,2016,d_1810,,,,,0,1,1
1/13/16,11550,Wednesday,5,1,2016,d_1811,,,,,0,1,0
1/14/16,11550,Thursday,6,1,2016,d_1812,,,,,0,0,1
1/15/16,11550,Friday,7,1,2016,d_1813,,,,,0,1,1
1/16/16,11551,Saturday,1,1,2016,d_1814,,,,,0,0,0
1/17/16,11551,Sunday,2,1,2016,d_1815,,,,,0,0,0
1/18/16,11551,Monday,3,1,2016,d_1816,MartinLutherKingDay,National,,,0,0,0
1/19/16,11551,Tuesday,4,1,2016,d_1817,,,,,0,0,0
1/20/16,11551,Wednesday,5,1,2016,d_1818,,,,,0,0,0
1/21/16,11551,Thursday,6,1,2016,d_1819,,,,,0,0,0
1/22/16,11551,Friday,7,1,2016,d_1820,,,,,0,0,0
1/23/16,11552,Saturday,1,1,2016,d_1821,,,,,0,0,0
1/24/16,11552,Sunday,2,1,2016,d_1822,,,,,0,0,0
1/25/16,11552,Monday,3,1,2016,d_1823,,,,,0,0,0
1/26/16,11552,Tuesday,4,1,2016,d_1824,,,,,0,0,0
1/27/16,11552,Wednesday,5,1,2016,d_1825,,,,,0,0,0
1/28/16,11552,Thursday,6,1,2016,d_1826,,,,,0,0,0
1/29/16,11552,Friday,7,1,2016,d_1827,,,,,0,0,0
1/30/16,11601,Saturday,1,1,2016,d_1828,,,,,0,0,0
1/31/16,11601,Sunday,2,1,2016,d_1829,,,,,0,0,0
2/1/16,11601,Monday,3,2,2016,d_1830,,,,,1,1,0
2/2/16,11601,Tuesday,4,2,2016,d_1831,,,,,1,0,1
2/3/16,11601,Wednesday,5,2,2016,d_1832,,,,,1,1,1
2/4/16,11601,Thursday,6,2,2016,d_1833,,,,,1,0,0
2/5/16,11601,Friday,7,2,2016,d_1834,,,,,1,1,1
2/6/16,11602,Saturday,1,2,2016,d_1835,,,,,1,1,1
2/7/16,11602,Sunday,2,2,2016,d_1836,SuperBowl,Sporting,,,1,1,0
2/8/16,11602,Monday,3,2,2016,d_1837,,,,,1,0,1
2/9/16,11602,Tuesday,4,2,2016,d_1838,,,,,1,1,1
2/10/16,11602,Wednesday,5,2,2016,d_1839,LentStart,Religious,,,1,0,0
2/11/16,11602,Thursday,6,2,2016,d_1840,,,,,0,1,1
2/12/16,11602,Friday,7,2,2016,d_1841,,,,,0,1,1
2/13/16,11603,Saturday,1,2,2016,d_1842,,,,,0,1,0
2/14/16,11603,Sunday,2,2,2016,d_1843,ValentinesDay,Cultural,,,0,0,1
2/15/16,11603,Monday,3,2,2016,d_1844,PresidentsDay,National,,,0,1,1
2/16/16,11603,Tuesday,4,2,2016,d_1845,,,,,0,0,0
2/17/16,11603,Wednesday,5,2,2016,d_1846,LentWeek2,Religious,,,0,0,0
2/18/16,11603,Thursday,6,2,2016,d_1847,,,,,0,0,0
2/19/16,11603,Friday,7,2,2016,d_1848,,,,,0,0,0
2/20/16,11604,Saturday,1,2,2016,d_1849,,,,,0,0,0
2/21/16,11604,Sunday,2,2,2016,d_1850,,,,,0,0,0
2/22/16,11604,Monday,3,2,2016,d_1851,,,,,0,0,0
2/23/16,11604,Tuesday,4,2,2016,d_1852,,,,,0,0,0
2/24/16,11604,Wednesday,5,2,2016,d_1853,,,,,0,0,0
2/25/16,11604,Thursday,6,2,2016,d_1854,,,,,0,0,0
2/26/16,11604,Friday,7,2,2016,d_1855,,,,,0,0,0
2/27/16,11605,Saturday,1,2,2016,d_1856,,,,,0,0,0
2/28/16,11605,Sunday,2,2,2016,d_1857,,,,,0,0,0
2/29/16,11605,Monday,3,2,2016,d_1858,,,,,0,0,0
3/1/16,11605,Tuesday,4,3,2016,d_1859,,,,,1,1,0
3/2/16,11605,Wednesday,5,3,2016,d_1860,,,,,1,0,1
3/3/16,11605,Thursday,6,3,2016,d_1861,,,,,1,1,1
3/4/16,11605,Friday,7,3,2016,d_1862,,,,,1,0,0
3/5/16,11606,Saturday,1,3,2016,d_1863,,,,,1,1,1
3/6/16,11606,Sunday,2,3,2016,d_1864,,,,,1,1,1
3/7/16,11606,Monday,3,3,2016,d_1865,,,,,1,1,0
3/8/16,11606,Tuesday,4,3,2016,d_1866,,,,,1,0,1
3/9/16,11606,Wednesday,5,3,2016,d_1867,,,,,1,1,1
3/10/16,11606,Thursday,6,3,2016,d_1868,,,,,1,0,0
3/11/16,11606,Friday,7,3,2016,d_1869,,,,,0,1,1
3/12/16,11607,Saturday,1,3,2016,d_1870,,,,,0,1,1
3/13/16,11607,Sunday,2,3,2016,d_1871,,,,,0,1,0
3/14/16,11607,Monday,3,3,2016,d_1872,,,,,0,0,1
3/15/16,11607,Tuesday,4,3,2016,d_1873,,,,,0,1,1
3/16/16,11607,Wednesday,5,3,2016,d_1874,,,,,0,0,0
3/17/16,11607,Thursday,6,3,2016,d_1875,StPatricksDay,Cultural,,,0,0,0
3/18/16,11607,Friday,7,3,2016,d_1876,,,,,0,0,0
3/19/16,11608,Saturday,1,3,2016,d_1877,,,,,0,0,0
3/20/16,11608,Sunday,2,3,2016,d_1878,,,,,0,0,0
3/21/16,11608,Monday,3,3,2016,d_1879,,,,,0,0,0
3/22/16,11608,Tuesday,4,3,2016,d_1880,,,,,0,0,0
3/23/16,11608,Wednesday,5,3,2016,d_1881,,,,,0,0,0
3/24/16,11608,Thursday,6,3,2016,d_1882,Purim End,Religious,,,0,0,0
3/25/16,11608,Friday,7,3,2016,d_1883,,,,,0,0,0
3/26/16,11609,Saturday,1,3,2016,d_1884,,,,,0,0,0
3/27/16,11609,Sunday,2,3,2016,d_1885,Easter,Cultural,,,0,0,0
3/28/16,11609,Monday,3,3,2016,d_1886,,,,,0,0,0
3/29/16,11609,Tuesday,4,3,2016,d_1887,,,,,0,0,0
3/30/16,11609,Wednesday,5,3,2016,d_1888,,,,,0,0,0
3/31/16,11609,Thursday,6,3,2016,d_1889,,,,,0,0,0
4/1/16,11609,Friday,7,4,2016,d_1890,,,,,1,1,0
4/2/16,11610,Saturday,1,4,2016,d_1891,,,,,1,0,1
4/3/16,11610,Sunday,2,4,2016,d_1892,,,,,1,1,1
4/4/16,11610,Monday,3,4,2016,d_1893,,,,,1,0,0
4/5/16,11610,Tuesday,4,4,2016,d_1894,,,,,1,1,1
4/6/16,11610,Wednesday,5,4,2016,d_1895,,,,,1,1,1
4/7/16,11610,Thursday,6,4,2016,d_1896,,,,,1,1,0
4/8/16,11610,Friday,7,4,2016,d_1897,,,,,1,0,1
4/9/16,11611,Saturday,1,4,2016,d_1898,,,,,1,1,1
4/10/16,11611,Sunday,2,4,2016,d_1899,,,,,1,0,0
4/11/16,11611,Monday,3,4,2016,d_1900,,,,,0,1,1
4/12/16,11611,Tuesday,4,4,2016,d_1901,,,,,0,1,1
4/13/16,11611,Wednesday,5,4,2016,d_1902,,,,,0,1,0
4/14/16,11611,Thursday,6,4,2016,d_1903,,,,,0,0,1
4/15/16,11611,Friday,7,4,2016,d_1904,,,,,0,1,1
4/16/16,11612,Saturday,1,4,2016,d_1905,,,,,0,0,0
4/17/16,11612,Sunday,2,4,2016,d_1906,,,,,0,0,0
4/18/16,11612,Monday,3,4,2016,d_1907,,,,,0,0,0
4/19/16,11612,Tuesday,4,4,2016,d_1908,,,,,0,0,0
4/20/16,11612,Wednesday,5,4,2016,d_1909,,,,,0,0,0
4/21/16,11612,Thursday,6,4,2016,d_1910,,,,,0,0,0
4/22/16,11612,Friday,7,4,2016,d_1911,,,,,0,0,0
4/23/16,11613,Saturday,1,4,2016,d_1912,,,,,0,0,0
4/24/16,11613,Sunday,2,4,2016,d_1913,,,,,0,0,0
4/25/16,11613,Monday,3,4,2016,d_1914,,,,,0,0,0
4/26/16,11613,Tuesday,4,4,2016,d_1915,,,,,0,0,0
4/27/16,11613,Wednesday,5,4,2016,d_1916,,,,,0,0,0
4/28/16,11613,Thursday,6,4,2016,d_1917,,,,,0,0,0
4/29/16,11613,Friday,7,4,2016,d_1918,,,,,0,0,0
4/30/16,11614,Saturday,1,4,2016,d_1919,Pesach End,Religious,,,0,0,0
5/1/16,11614,Sunday,2,5,2016,d_1920,OrthodoxEaster,Religious,,,1,1,0
5/2/16,11614,Monday,3,5,2016,d_1921,,,,,1,0,1
5/3/16,11614,Tuesday,4,5,2016,d_1922,,,,,1,1,1
5/4/16,11614,Wednesday,5,5,2016,d_1923,,,,,1,0,0
5/5/16,11614,Thursday,6,5,2016,d_1924,Cinco De Mayo,Cultural,,,1,1,1
5/6/16,11614,Friday,7,5,2016,d_1925,,,,,1,1,1
5/7/16,11615,Saturday,1,5,2016,d_1926,,,,,1,1,0
5/8/16,11615,Sunday,2,5,2016,d_1927,Mother's day,Cultural,,,1,0,1
5/9/16,11615,Monday,3,5,2016,d_1928,,,,,1,1,1
5/10/16,11615,Tuesday,4,5,2016,d_1929,,,,,1,0,0
5/11/16,11615,Wednesday,5,5,2016,d_1930,,,,,0,1,1
5/12/16,11615,Thursday,6,5,2016,d_1931,,,,,0,1,1
5/13/16,11615,Friday,7,5,2016,d_1932,,,,,0,1,0
5/14/16,11616,Saturday,1,5,2016,d_1933,,,,,0,0,1
5/15/16,11616,Sunday,2,5,2016,d_1934,,,,,0,1,1
5/16/16,11616,Monday,3,5,2016,d_1935,,,,,0,0,0
5/17/16,11616,Tuesday,4,5,2016,d_1936,,,,,0,0,0
5/18/16,11616,Wednesday,5,5,2016,d_1937,,,,,0,0,0
5/19/16,11616,Thursday,6,5,2016,d_1938,,,,,0,0,0
5/20/16,11616,Friday,7,5,2016,d_1939,,,,,0,0,0
5/21/16,11617,Saturday,1,5,2016,d_1940,,,,,0,0,0
5/22/16,11617,Sunday,2,5,2016,d_1941,,,,,0,0,0
5/23/16,11617,Monday,3,5,2016,d_1942,,,,,0,0,0
5/24/16,11617,Tuesday,4,5,2016,d_1943,,,,,0,0,0
5/25/16,11617,Wednesday,5,5,2016,d_1944,,,,,0,0,0
5/26/16,11617,Thursday,6,5,2016,d_1945,,,,,0,0,0
5/27/16,11617,Friday,7,5,2016,d_1946,,,,,0,0,0
5/28/16,11618,Saturday,1,5,2016,d_1947,,,,,0,0,0
5/29/16,11618,Sunday,2,5,2016,d_1948,,,,,0,0,0
5/30/16,11618,Monday,3,5,2016,d_1949,MemorialDay,National,,,0,0,0
5/31/16,11618,Tuesday,4,5,2016,d_1950,,,,,0,0,0
6/1/16,11618,Wednesday,5,6,2016,d_1951,,,,,1,1,0
6/2/16,11618,Thursday,6,6,2016,d_1952,NBAFinalsStart,Sporting,,,1,0,1
6/3/16,11618,Friday,7,6,2016,d_1953,,,,,1,1,1
6/4/16,11619,Saturday,1,6,2016,d_1954,,,,,1,0,0
6/5/16,11619,Sunday,2,6,2016,d_1955,,,,,1,1,1
6/6/16,11619,Monday,3,6,2016,d_1956,,,,,1,1,1
6/7/16,11619,Tuesday,4,6,2016,d_1957,Ramadan starts,Religious,,,1,1,0
6/8/16,11619,Wednesday,5,6,2016,d_1958,,,,,1,0,1
6/9/16,11619,Thursday,6,6,2016,d_1959,,,,,1,1,1
6/10/16,11619,Friday,7,6,2016,d_1960,,,,,1,0,0
6/11/16,11620,Saturday,1,6,2016,d_1961,,,,,0,1,1
6/12/16,11620,Sunday,2,6,2016,d_1962,,,,,0,1,1
6/13/16,11620,Monday,3,6,2016,d_1963,,,,,0,1,0
6/14/16,11620,Tuesday,4,6,2016,d_1964,,,,,0,0,1
6/15/16,11620,Wednesday,5,6,2016,d_1965,,,,,0,1,1
6/16/16,11620,Thursday,6,6,2016,d_1966,,,,,0,0,0
6/17/16,11620,Friday,7,6,2016,d_1967,,,,,0,0,0
6/18/16,11621,Saturday,1,6,2016,d_1968,,,,,0,0,0
6/19/16,11621,Sunday,2,6,2016,d_1969,NBAFinalsEnd,Sporting,Father's day,Cultural,0,0,0